[INFO] 2026-06-15 16:10:11,515 autoreload Watching for file changes with StatReloader
[INFO] 2026-06-15 16:10:15,832 basehttp "GET /swagger/ HTTP/1.1" 200 2177
[WARNING] 2026-06-15 16:19:39,717 log Unauthorized: /api/words/daily_words/
[WARNING] 2026-06-15 16:19:39,717 log Unauthorized: /api/checkin/today_status/
[WARNING] 2026-06-15 16:19:39,722 basehttp "GET /api/words/daily_words/?count=5 HTTP/1.1" 401 67
[WARNING] 2026-06-15 16:19:39,723 basehttp "GET /api/checkin/today_status/ HTTP/1.1" 401 67
[WARNING] 2026-06-15 16:19:39,724 log Unauthorized: /api/words/daily_words/
[WARNING] 2026-06-15 16:19:39,729 log Unauthorized: /api/checkin/today_status/
[WARNING] 2026-06-15 16:19:39,729 basehttp "GET /api/words/daily_words/?count=5 HTTP/1.1" 401 67
[WARNING] 2026-06-15 16:19:39,733 basehttp "GET /api/checkin/today_status/ HTTP/1.1" 401 67
[ERROR] 2026-06-15 16:19:39,794 log Internal Server Error: /api/users/profile/
Traceback (most recent call last):
  File "D:\python\python3.12.4\Lib\site-packages\django\core\handlers\exception.py", line 55, in inner
    response = get_response(request)
               ^^^^^^^^^^^^^^^^^^^^^
  File "D:\python\python3.12.4\Lib\site-packages\django\core\handlers\base.py", line 197, in _get_response
    response = wrapped_callback(request, *callback_args, **callback_kwargs)
               ^^^^^^^^^^^^^^^^^^^^^^^^^^^^^^^^^^^^^^^^^^^^^^^^^^^^^^^^^^^^
  File "D:\python\python3.12.4\Lib\site-packages\django\views\decorators\csrf.py", line 56, in wrapper_view
    return view_func(*args, **kwargs)
           ^^^^^^^^^^^^^^^^^^^^^^^^^^
  File "D:\python\python3.12.4\Lib\site-packages\rest_framework\viewsets.py", line 125, in view
    return self.dispatch(request, *args, **kwargs)
           ^^^^^^^^^^^^^^^^^^^^^^^^^^^^^^^^^^^^^^^
  File "D:\python\python3.12.4\Lib\site-packages\rest_framework\views.py", line 498, in dispatch
    request = self.initialize_request(request, *args, **kwargs)
              ^^^^^^^^^^^^^^^^^^^^^^^^^^^^^^^^^^^^^^^^^^^^^^^^^
  File "D:\python\python3.12.4\Lib\site-packages\rest_framework\viewsets.py", line 152, in initialize_request
    request = super().initialize_request(request, *args, **kwargs)
              ^^^^^^^^^^^^^^^^^^^^^^^^^^^^^^^^^^^^^^^^^^^^^^^^^^^^
  File "D:\python\python3.12.4\Lib\site-packages\rest_framework\views.py", line 400, in initialize_request
    authenticators=self.get_authenticators(),
                   ^^^^^^^^^^^^^^^^^^^^^^^^^
  File "D:\毕业设计\backend\apps\users\views.py", line 52, in get_authenticators
    if self.action in ['wechat_login', 'create']:
       ^^^^^^^^^^^
AttributeError: 'UserViewSet' object has no attribute 'action'
[ERROR] 2026-06-15 16:19:39,801 basehttp "GET /api/users/profile/ HTTP/1.1" 500 98302
[ERROR] 2026-06-15 16:19:39,846 log Internal Server Error: /api/users/profile/
Traceback (most recent call last):
  File "D:\python\python3.12.4\Lib\site-packages\django\core\handlers\exception.py", line 55, in inner
    response = get_response(request)
               ^^^^^^^^^^^^^^^^^^^^^
  File "D:\python\python3.12.4\Lib\site-packages\django\core\handlers\base.py", line 197, in _get_response
    response = wrapped_callback(request, *callback_args, **callback_kwargs)
               ^^^^^^^^^^^^^^^^^^^^^^^^^^^^^^^^^^^^^^^^^^^^^^^^^^^^^^^^^^^^
  File "D:\python\python3.12.4\Lib\site-packages\django\views\decorators\csrf.py", line 56, in wrapper_view
    return view_func(*args, **kwargs)
           ^^^^^^^^^^^^^^^^^^^^^^^^^^
  File "D:\python\python3.12.4\Lib\site-packages\rest_framework\viewsets.py", line 125, in view
    return self.dispatch(request, *args, **kwargs)
           ^^^^^^^^^^^^^^^^^^^^^^^^^^^^^^^^^^^^^^^
  File "D:\python\python3.12.4\Lib\site-packages\rest_framework\views.py", line 498, in dispatch
    request = self.initialize_request(request, *args, **kwargs)
              ^^^^^^^^^^^^^^^^^^^^^^^^^^^^^^^^^^^^^^^^^^^^^^^^^
  File "D:\python\python3.12.4\Lib\site-packages\rest_framework\viewsets.py", line 152, in initialize_request
    request = super().initialize_request(request, *args, **kwargs)
              ^^^^^^^^^^^^^^^^^^^^^^^^^^^^^^^^^^^^^^^^^^^^^^^^^^^^
  File "D:\python\python3.12.4\Lib\site-packages\rest_framework\views.py", line 400, in initialize_request
    authenticators=self.get_authenticators(),
                   ^^^^^^^^^^^^^^^^^^^^^^^^^
  File "D:\毕业设计\backend\apps\users\views.py", line 52, in get_authenticators
    if self.action in ['wechat_login', 'create']:
       ^^^^^^^^^^^
AttributeError: 'UserViewSet' object has no attribute 'action'
[ERROR] 2026-06-15 16:19:39,850 basehttp "GET /api/users/profile/ HTTP/1.1" 500 98302
[WARNING] 2026-06-15 16:20:27,163 log Unauthorized: /api/words/daily_words/
[WARNING] 2026-06-15 16:20:27,164 log Unauthorized: /api/checkin/today_status/
[WARNING] 2026-06-15 16:20:27,166 basehttp "GET /api/words/daily_words/?count=5 HTTP/1.1" 401 67
[WARNING] 2026-06-15 16:20:27,166 basehttp "GET /api/checkin/today_status/ HTTP/1.1" 401 67
[WARNING] 2026-06-15 16:20:27,171 log Unauthorized: /api/words/daily_words/
[WARNING] 2026-06-15 16:20:27,172 basehttp "GET /api/words/daily_words/?count=5 HTTP/1.1" 401 67
[WARNING] 2026-06-15 16:20:27,175 log Unauthorized: /api/checkin/today_status/
[WARNING] 2026-06-15 16:20:27,178 basehttp "GET /api/checkin/today_status/ HTTP/1.1" 401 67
[ERROR] 2026-06-15 16:20:27,196 log Internal Server Error: /api/users/profile/
Traceback (most recent call last):
  File "D:\python\python3.12.4\Lib\site-packages\django\core\handlers\exception.py", line 55, in inner
    response = get_response(request)
               ^^^^^^^^^^^^^^^^^^^^^
  File "D:\python\python3.12.4\Lib\site-packages\django\core\handlers\base.py", line 197, in _get_response
    response = wrapped_callback(request, *callback_args, **callback_kwargs)
               ^^^^^^^^^^^^^^^^^^^^^^^^^^^^^^^^^^^^^^^^^^^^^^^^^^^^^^^^^^^^
  File "D:\python\python3.12.4\Lib\site-packages\django\views\decorators\csrf.py", line 56, in wrapper_view
    return view_func(*args, **kwargs)
           ^^^^^^^^^^^^^^^^^^^^^^^^^^
  File "D:\python\python3.12.4\Lib\site-packages\rest_framework\viewsets.py", line 125, in view
    return self.dispatch(request, *args, **kwargs)
           ^^^^^^^^^^^^^^^^^^^^^^^^^^^^^^^^^^^^^^^
  File "D:\python\python3.12.4\Lib\site-packages\rest_framework\views.py", line 498, in dispatch
    request = self.initialize_request(request, *args, **kwargs)
              ^^^^^^^^^^^^^^^^^^^^^^^^^^^^^^^^^^^^^^^^^^^^^^^^^
  File "D:\python\python3.12.4\Lib\site-packages\rest_framework\viewsets.py", line 152, in initialize_request
    request = super().initialize_request(request, *args, **kwargs)
              ^^^^^^^^^^^^^^^^^^^^^^^^^^^^^^^^^^^^^^^^^^^^^^^^^^^^
  File "D:\python\python3.12.4\Lib\site-packages\rest_framework\views.py", line 400, in initialize_request
    authenticators=self.get_authenticators(),
                   ^^^^^^^^^^^^^^^^^^^^^^^^^
  File "D:\毕业设计\backend\apps\users\views.py", line 52, in get_authenticators
    if self.action in ['wechat_login', 'create']:
       ^^^^^^^^^^^
AttributeError: 'UserViewSet' object has no attribute 'action'
[ERROR] 2026-06-15 16:20:27,200 basehttp "GET /api/users/profile/ HTTP/1.1" 500 98302
[ERROR] 2026-06-15 16:20:27,237 log Internal Server Error: /api/users/profile/
Traceback (most recent call last):
  File "D:\python\python3.12.4\Lib\site-packages\django\core\handlers\exception.py", line 55, in inner
    response = get_response(request)
               ^^^^^^^^^^^^^^^^^^^^^
  File "D:\python\python3.12.4\Lib\site-packages\django\core\handlers\base.py", line 197, in _get_response
    response = wrapped_callback(request, *callback_args, **callback_kwargs)
               ^^^^^^^^^^^^^^^^^^^^^^^^^^^^^^^^^^^^^^^^^^^^^^^^^^^^^^^^^^^^
  File "D:\python\python3.12.4\Lib\site-packages\django\views\decorators\csrf.py", line 56, in wrapper_view
    return view_func(*args, **kwargs)
           ^^^^^^^^^^^^^^^^^^^^^^^^^^
  File "D:\python\python3.12.4\Lib\site-packages\rest_framework\viewsets.py", line 125, in view
    return self.dispatch(request, *args, **kwargs)
           ^^^^^^^^^^^^^^^^^^^^^^^^^^^^^^^^^^^^^^^
  File "D:\python\python3.12.4\Lib\site-packages\rest_framework\views.py", line 498, in dispatch
    request = self.initialize_request(request, *args, **kwargs)
              ^^^^^^^^^^^^^^^^^^^^^^^^^^^^^^^^^^^^^^^^^^^^^^^^^
  File "D:\python\python3.12.4\Lib\site-packages\rest_framework\viewsets.py", line 152, in initialize_request
    request = super().initialize_request(request, *args, **kwargs)
              ^^^^^^^^^^^^^^^^^^^^^^^^^^^^^^^^^^^^^^^^^^^^^^^^^^^^
  File "D:\python\python3.12.4\Lib\site-packages\rest_framework\views.py", line 400, in initialize_request
    authenticators=self.get_authenticators(),
                   ^^^^^^^^^^^^^^^^^^^^^^^^^
  File "D:\毕业设计\backend\apps\users\views.py", line 52, in get_authenticators
    if self.action in ['wechat_login', 'create']:
       ^^^^^^^^^^^
AttributeError: 'UserViewSet' object has no attribute 'action'
[ERROR] 2026-06-15 16:20:27,241 basehttp "GET /api/users/profile/ HTTP/1.1" 500 98302
[ERROR] 2026-06-15 16:20:44,246 log Internal Server Error: /api/auth/wechat-login/
Traceback (most recent call last):
  File "D:\python\python3.12.4\Lib\site-packages\django\core\handlers\exception.py", line 55, in inner
    response = get_response(request)
               ^^^^^^^^^^^^^^^^^^^^^
  File "D:\python\python3.12.4\Lib\site-packages\django\core\handlers\base.py", line 197, in _get_response
    response = wrapped_callback(request, *callback_args, **callback_kwargs)
               ^^^^^^^^^^^^^^^^^^^^^^^^^^^^^^^^^^^^^^^^^^^^^^^^^^^^^^^^^^^^
  File "D:\python\python3.12.4\Lib\site-packages\django\views\decorators\csrf.py", line 56, in wrapper_view
    return view_func(*args, **kwargs)
           ^^^^^^^^^^^^^^^^^^^^^^^^^^
  File "D:\python\python3.12.4\Lib\site-packages\rest_framework\viewsets.py", line 125, in view
    return self.dispatch(request, *args, **kwargs)
           ^^^^^^^^^^^^^^^^^^^^^^^^^^^^^^^^^^^^^^^
  File "D:\python\python3.12.4\Lib\site-packages\rest_framework\views.py", line 498, in dispatch
    request = self.initialize_request(request, *args, **kwargs)
              ^^^^^^^^^^^^^^^^^^^^^^^^^^^^^^^^^^^^^^^^^^^^^^^^^
  File "D:\python\python3.12.4\Lib\site-packages\rest_framework\viewsets.py", line 152, in initialize_request
    request = super().initialize_request(request, *args, **kwargs)
              ^^^^^^^^^^^^^^^^^^^^^^^^^^^^^^^^^^^^^^^^^^^^^^^^^^^^
  File "D:\python\python3.12.4\Lib\site-packages\rest_framework\views.py", line 400, in initialize_request
    authenticators=self.get_authenticators(),
                   ^^^^^^^^^^^^^^^^^^^^^^^^^
  File "D:\毕业设计\backend\apps\users\views.py", line 52, in get_authenticators
    if self.action in ['wechat_login', 'create']:
       ^^^^^^^^^^^
AttributeError: 'UserViewSet' object has no attribute 'action'
[ERROR] 2026-06-15 16:20:44,250 basehttp "POST /api/auth/wechat-login/ HTTP/1.1" 500 98171
[ERROR] 2026-06-15 16:20:44,298 log Internal Server Error: /api/auth/wechat-login/
Traceback (most recent call last):
  File "D:\python\python3.12.4\Lib\site-packages\django\core\handlers\exception.py", line 55, in inner
    response = get_response(request)
               ^^^^^^^^^^^^^^^^^^^^^
  File "D:\python\python3.12.4\Lib\site-packages\django\core\handlers\base.py", line 197, in _get_response
    response = wrapped_callback(request, *callback_args, **callback_kwargs)
               ^^^^^^^^^^^^^^^^^^^^^^^^^^^^^^^^^^^^^^^^^^^^^^^^^^^^^^^^^^^^
  File "D:\python\python3.12.4\Lib\site-packages\django\views\decorators\csrf.py", line 56, in wrapper_view
    return view_func(*args, **kwargs)
           ^^^^^^^^^^^^^^^^^^^^^^^^^^
  File "D:\python\python3.12.4\Lib\site-packages\rest_framework\viewsets.py", line 125, in view
    return self.dispatch(request, *args, **kwargs)
           ^^^^^^^^^^^^^^^^^^^^^^^^^^^^^^^^^^^^^^^
  File "D:\python\python3.12.4\Lib\site-packages\rest_framework\views.py", line 498, in dispatch
    request = self.initialize_request(request, *args, **kwargs)
              ^^^^^^^^^^^^^^^^^^^^^^^^^^^^^^^^^^^^^^^^^^^^^^^^^
  File "D:\python\python3.12.4\Lib\site-packages\rest_framework\viewsets.py", line 152, in initialize_request
    request = super().initialize_request(request, *args, **kwargs)
              ^^^^^^^^^^^^^^^^^^^^^^^^^^^^^^^^^^^^^^^^^^^^^^^^^^^^
  File "D:\python\python3.12.4\Lib\site-packages\rest_framework\views.py", line 400, in initialize_request
    authenticators=self.get_authenticators(),
                   ^^^^^^^^^^^^^^^^^^^^^^^^^
  File "D:\毕业设计\backend\apps\users\views.py", line 52, in get_authenticators
    if self.action in ['wechat_login', 'create']:
       ^^^^^^^^^^^
AttributeError: 'UserViewSet' object has no attribute 'action'
[ERROR] 2026-06-15 16:20:44,302 basehttp "POST /api/auth/wechat-login/ HTTP/1.1" 500 98170
[ERROR] 2026-06-15 16:21:08,360 log Internal Server Error: /api/auth/wechat-login/
Traceback (most recent call last):
  File "D:\python\python3.12.4\Lib\site-packages\django\core\handlers\exception.py", line 55, in inner
    response = get_response(request)
               ^^^^^^^^^^^^^^^^^^^^^
  File "D:\python\python3.12.4\Lib\site-packages\django\core\handlers\base.py", line 197, in _get_response
    response = wrapped_callback(request, *callback_args, **callback_kwargs)
               ^^^^^^^^^^^^^^^^^^^^^^^^^^^^^^^^^^^^^^^^^^^^^^^^^^^^^^^^^^^^
  File "D:\python\python3.12.4\Lib\site-packages\django\views\decorators\csrf.py", line 56, in wrapper_view
    return view_func(*args, **kwargs)
           ^^^^^^^^^^^^^^^^^^^^^^^^^^
  File "D:\python\python3.12.4\Lib\site-packages\rest_framework\viewsets.py", line 125, in view
    return self.dispatch(request, *args, **kwargs)
           ^^^^^^^^^^^^^^^^^^^^^^^^^^^^^^^^^^^^^^^
  File "D:\python\python3.12.4\Lib\site-packages\rest_framework\views.py", line 498, in dispatch
    request = self.initialize_request(request, *args, **kwargs)
              ^^^^^^^^^^^^^^^^^^^^^^^^^^^^^^^^^^^^^^^^^^^^^^^^^
  File "D:\python\python3.12.4\Lib\site-packages\rest_framework\viewsets.py", line 152, in initialize_request
    request = super().initialize_request(request, *args, **kwargs)
              ^^^^^^^^^^^^^^^^^^^^^^^^^^^^^^^^^^^^^^^^^^^^^^^^^^^^
  File "D:\python\python3.12.4\Lib\site-packages\rest_framework\views.py", line 400, in initialize_request
    authenticators=self.get_authenticators(),
                   ^^^^^^^^^^^^^^^^^^^^^^^^^
  File "D:\毕业设计\backend\apps\users\views.py", line 52, in get_authenticators
    if self.action in ['wechat_login', 'create']:
       ^^^^^^^^^^^
AttributeError: 'UserViewSet' object has no attribute 'action'
[ERROR] 2026-06-15 16:21:08,364 basehttp "POST /api/auth/wechat-login/ HTTP/1.1" 500 98171
[ERROR] 2026-06-15 16:21:08,411 log Internal Server Error: /api/auth/wechat-login/
Traceback (most recent call last):
  File "D:\python\python3.12.4\Lib\site-packages\django\core\handlers\exception.py", line 55, in inner
    response = get_response(request)
               ^^^^^^^^^^^^^^^^^^^^^
  File "D:\python\python3.12.4\Lib\site-packages\django\core\handlers\base.py", line 197, in _get_response
    response = wrapped_callback(request, *callback_args, **callback_kwargs)
               ^^^^^^^^^^^^^^^^^^^^^^^^^^^^^^^^^^^^^^^^^^^^^^^^^^^^^^^^^^^^
  File "D:\python\python3.12.4\Lib\site-packages\django\views\decorators\csrf.py", line 56, in wrapper_view
    return view_func(*args, **kwargs)
           ^^^^^^^^^^^^^^^^^^^^^^^^^^
  File "D:\python\python3.12.4\Lib\site-packages\rest_framework\viewsets.py", line 125, in view
    return self.dispatch(request, *args, **kwargs)
           ^^^^^^^^^^^^^^^^^^^^^^^^^^^^^^^^^^^^^^^
  File "D:\python\python3.12.4\Lib\site-packages\rest_framework\views.py", line 498, in dispatch
    request = self.initialize_request(request, *args, **kwargs)
              ^^^^^^^^^^^^^^^^^^^^^^^^^^^^^^^^^^^^^^^^^^^^^^^^^
  File "D:\python\python3.12.4\Lib\site-packages\rest_framework\viewsets.py", line 152, in initialize_request
    request = super().initialize_request(request, *args, **kwargs)
              ^^^^^^^^^^^^^^^^^^^^^^^^^^^^^^^^^^^^^^^^^^^^^^^^^^^^
  File "D:\python\python3.12.4\Lib\site-packages\rest_framework\views.py", line 400, in initialize_request
    authenticators=self.get_authenticators(),
                   ^^^^^^^^^^^^^^^^^^^^^^^^^
  File "D:\毕业设计\backend\apps\users\views.py", line 52, in get_authenticators
    if self.action in ['wechat_login', 'create']:
       ^^^^^^^^^^^
AttributeError: 'UserViewSet' object has no attribute 'action'
[ERROR] 2026-06-15 16:21:08,414 basehttp "POST /api/auth/wechat-login/ HTTP/1.1" 500 98170
[ERROR] 2026-06-15 16:21:10,562 log Internal Server Error: /api/auth/wechat-login/
Traceback (most recent call last):
  File "D:\python\python3.12.4\Lib\site-packages\django\core\handlers\exception.py", line 55, in inner
    response = get_response(request)
               ^^^^^^^^^^^^^^^^^^^^^
  File "D:\python\python3.12.4\Lib\site-packages\django\core\handlers\base.py", line 197, in _get_response
    response = wrapped_callback(request, *callback_args, **callback_kwargs)
               ^^^^^^^^^^^^^^^^^^^^^^^^^^^^^^^^^^^^^^^^^^^^^^^^^^^^^^^^^^^^
  File "D:\python\python3.12.4\Lib\site-packages\django\views\decorators\csrf.py", line 56, in wrapper_view
    return view_func(*args, **kwargs)
           ^^^^^^^^^^^^^^^^^^^^^^^^^^
  File "D:\python\python3.12.4\Lib\site-packages\rest_framework\viewsets.py", line 125, in view
    return self.dispatch(request, *args, **kwargs)
           ^^^^^^^^^^^^^^^^^^^^^^^^^^^^^^^^^^^^^^^
  File "D:\python\python3.12.4\Lib\site-packages\rest_framework\views.py", line 498, in dispatch
    request = self.initialize_request(request, *args, **kwargs)
              ^^^^^^^^^^^^^^^^^^^^^^^^^^^^^^^^^^^^^^^^^^^^^^^^^
  File "D:\python\python3.12.4\Lib\site-packages\rest_framework\viewsets.py", line 152, in initialize_request
    request = super().initialize_request(request, *args, **kwargs)
              ^^^^^^^^^^^^^^^^^^^^^^^^^^^^^^^^^^^^^^^^^^^^^^^^^^^^
  File "D:\python\python3.12.4\Lib\site-packages\rest_framework\views.py", line 400, in initialize_request
    authenticators=self.get_authenticators(),
                   ^^^^^^^^^^^^^^^^^^^^^^^^^
  File "D:\毕业设计\backend\apps\users\views.py", line 52, in get_authenticators
    if self.action in ['wechat_login', 'create']:
       ^^^^^^^^^^^
AttributeError: 'UserViewSet' object has no attribute 'action'
[ERROR] 2026-06-15 16:21:10,567 basehttp "POST /api/auth/wechat-login/ HTTP/1.1" 500 98171
[ERROR] 2026-06-15 16:21:10,615 log Internal Server Error: /api/auth/wechat-login/
Traceback (most recent call last):
  File "D:\python\python3.12.4\Lib\site-packages\django\core\handlers\exception.py", line 55, in inner
    response = get_response(request)
               ^^^^^^^^^^^^^^^^^^^^^
  File "D:\python\python3.12.4\Lib\site-packages\django\core\handlers\base.py", line 197, in _get_response
    response = wrapped_callback(request, *callback_args, **callback_kwargs)
               ^^^^^^^^^^^^^^^^^^^^^^^^^^^^^^^^^^^^^^^^^^^^^^^^^^^^^^^^^^^^
  File "D:\python\python3.12.4\Lib\site-packages\django\views\decorators\csrf.py", line 56, in wrapper_view
    return view_func(*args, **kwargs)
           ^^^^^^^^^^^^^^^^^^^^^^^^^^
  File "D:\python\python3.12.4\Lib\site-packages\rest_framework\viewsets.py", line 125, in view
    return self.dispatch(request, *args, **kwargs)
           ^^^^^^^^^^^^^^^^^^^^^^^^^^^^^^^^^^^^^^^
  File "D:\python\python3.12.4\Lib\site-packages\rest_framework\views.py", line 498, in dispatch
    request = self.initialize_request(request, *args, **kwargs)
              ^^^^^^^^^^^^^^^^^^^^^^^^^^^^^^^^^^^^^^^^^^^^^^^^^
  File "D:\python\python3.12.4\Lib\site-packages\rest_framework\viewsets.py", line 152, in initialize_request
    request = super().initialize_request(request, *args, **kwargs)
              ^^^^^^^^^^^^^^^^^^^^^^^^^^^^^^^^^^^^^^^^^^^^^^^^^^^^
  File "D:\python\python3.12.4\Lib\site-packages\rest_framework\views.py", line 400, in initialize_request
    authenticators=self.get_authenticators(),
                   ^^^^^^^^^^^^^^^^^^^^^^^^^
  File "D:\毕业设计\backend\apps\users\views.py", line 52, in get_authenticators
    if self.action in ['wechat_login', 'create']:
       ^^^^^^^^^^^
AttributeError: 'UserViewSet' object has no attribute 'action'
[ERROR] 2026-06-15 16:21:10,617 basehttp "POST /api/auth/wechat-login/ HTTP/1.1" 500 98170
[WARNING] 2026-06-15 16:21:29,904 log Unauthorized: /api/words/daily_words/
[WARNING] 2026-06-15 16:21:29,905 log Unauthorized: /api/checkin/today_status/
[WARNING] 2026-06-15 16:21:29,907 basehttp "GET /api/words/daily_words/?count=5 HTTP/1.1" 401 67
[WARNING] 2026-06-15 16:21:29,907 basehttp "GET /api/checkin/today_status/ HTTP/1.1" 401 67
[WARNING] 2026-06-15 16:21:29,913 log Unauthorized: /api/words/daily_words/
[WARNING] 2026-06-15 16:21:29,915 log Unauthorized: /api/checkin/today_status/
[WARNING] 2026-06-15 16:21:29,916 basehttp "GET /api/words/daily_words/?count=5 HTTP/1.1" 401 67
[WARNING] 2026-06-15 16:21:29,916 basehttp "GET /api/checkin/today_status/ HTTP/1.1" 401 67
[ERROR] 2026-06-15 16:21:29,941 log Internal Server Error: /api/users/profile/
Traceback (most recent call last):
  File "D:\python\python3.12.4\Lib\site-packages\django\core\handlers\exception.py", line 55, in inner
    response = get_response(request)
               ^^^^^^^^^^^^^^^^^^^^^
  File "D:\python\python3.12.4\Lib\site-packages\django\core\handlers\base.py", line 197, in _get_response
    response = wrapped_callback(request, *callback_args, **callback_kwargs)
               ^^^^^^^^^^^^^^^^^^^^^^^^^^^^^^^^^^^^^^^^^^^^^^^^^^^^^^^^^^^^
  File "D:\python\python3.12.4\Lib\site-packages\django\views\decorators\csrf.py", line 56, in wrapper_view
    return view_func(*args, **kwargs)
           ^^^^^^^^^^^^^^^^^^^^^^^^^^
  File "D:\python\python3.12.4\Lib\site-packages\rest_framework\viewsets.py", line 125, in view
    return self.dispatch(request, *args, **kwargs)
           ^^^^^^^^^^^^^^^^^^^^^^^^^^^^^^^^^^^^^^^
  File "D:\python\python3.12.4\Lib\site-packages\rest_framework\views.py", line 498, in dispatch
    request = self.initialize_request(request, *args, **kwargs)
              ^^^^^^^^^^^^^^^^^^^^^^^^^^^^^^^^^^^^^^^^^^^^^^^^^
  File "D:\python\python3.12.4\Lib\site-packages\rest_framework\viewsets.py", line 152, in initialize_request
    request = super().initialize_request(request, *args, **kwargs)
              ^^^^^^^^^^^^^^^^^^^^^^^^^^^^^^^^^^^^^^^^^^^^^^^^^^^^
  File "D:\python\python3.12.4\Lib\site-packages\rest_framework\views.py", line 400, in initialize_request
    authenticators=self.get_authenticators(),
                   ^^^^^^^^^^^^^^^^^^^^^^^^^
  File "D:\毕业设计\backend\apps\users\views.py", line 52, in get_authenticators
    if self.action in ['wechat_login', 'create']:
       ^^^^^^^^^^^
AttributeError: 'UserViewSet' object has no attribute 'action'
[ERROR] 2026-06-15 16:21:29,946 basehttp "GET /api/users/profile/ HTTP/1.1" 500 98302
[ERROR] 2026-06-15 16:21:29,986 log Internal Server Error: /api/users/profile/
Traceback (most recent call last):
  File "D:\python\python3.12.4\Lib\site-packages\django\core\handlers\exception.py", line 55, in inner
    response = get_response(request)
               ^^^^^^^^^^^^^^^^^^^^^
  File "D:\python\python3.12.4\Lib\site-packages\django\core\handlers\base.py", line 197, in _get_response
    response = wrapped_callback(request, *callback_args, **callback_kwargs)
               ^^^^^^^^^^^^^^^^^^^^^^^^^^^^^^^^^^^^^^^^^^^^^^^^^^^^^^^^^^^^
  File "D:\python\python3.12.4\Lib\site-packages\django\views\decorators\csrf.py", line 56, in wrapper_view
    return view_func(*args, **kwargs)
           ^^^^^^^^^^^^^^^^^^^^^^^^^^
  File "D:\python\python3.12.4\Lib\site-packages\rest_framework\viewsets.py", line 125, in view
    return self.dispatch(request, *args, **kwargs)
           ^^^^^^^^^^^^^^^^^^^^^^^^^^^^^^^^^^^^^^^
  File "D:\python\python3.12.4\Lib\site-packages\rest_framework\views.py", line 498, in dispatch
    request = self.initialize_request(request, *args, **kwargs)
              ^^^^^^^^^^^^^^^^^^^^^^^^^^^^^^^^^^^^^^^^^^^^^^^^^
  File "D:\python\python3.12.4\Lib\site-packages\rest_framework\viewsets.py", line 152, in initialize_request
    request = super().initialize_request(request, *args, **kwargs)
              ^^^^^^^^^^^^^^^^^^^^^^^^^^^^^^^^^^^^^^^^^^^^^^^^^^^^
  File "D:\python\python3.12.4\Lib\site-packages\rest_framework\views.py", line 400, in initialize_request
    authenticators=self.get_authenticators(),
                   ^^^^^^^^^^^^^^^^^^^^^^^^^
  File "D:\毕业设计\backend\apps\users\views.py", line 52, in get_authenticators
    if self.action in ['wechat_login', 'create']:
       ^^^^^^^^^^^
AttributeError: 'UserViewSet' object has no attribute 'action'
[ERROR] 2026-06-15 16:21:29,990 basehttp "GET /api/users/profile/ HTTP/1.1" 500 98302
[WARNING] 2026-06-15 16:22:02,088 log Unauthorized: /api/words/daily_words/
[WARNING] 2026-06-15 16:22:02,091 log Unauthorized: /api/checkin/today_status/
[WARNING] 2026-06-15 16:22:02,097 basehttp "GET /api/words/daily_words/?count=5 HTTP/1.1" 401 67
[WARNING] 2026-06-15 16:22:02,099 basehttp "GET /api/checkin/today_status/ HTTP/1.1" 401 67
[WARNING] 2026-06-15 16:22:02,102 log Unauthorized: /api/words/daily_words/
[WARNING] 2026-06-15 16:22:02,103 log Unauthorized: /api/checkin/today_status/
[WARNING] 2026-06-15 16:22:02,104 basehttp "GET /api/words/daily_words/?count=5 HTTP/1.1" 401 67
[WARNING] 2026-06-15 16:22:02,107 basehttp "GET /api/checkin/today_status/ HTTP/1.1" 401 67
[ERROR] 2026-06-15 16:22:02,129 log Internal Server Error: /api/users/profile/
Traceback (most recent call last):
  File "D:\python\python3.12.4\Lib\site-packages\django\core\handlers\exception.py", line 55, in inner
    response = get_response(request)
               ^^^^^^^^^^^^^^^^^^^^^
  File "D:\python\python3.12.4\Lib\site-packages\django\core\handlers\base.py", line 197, in _get_response
    response = wrapped_callback(request, *callback_args, **callback_kwargs)
               ^^^^^^^^^^^^^^^^^^^^^^^^^^^^^^^^^^^^^^^^^^^^^^^^^^^^^^^^^^^^
  File "D:\python\python3.12.4\Lib\site-packages\django\views\decorators\csrf.py", line 56, in wrapper_view
    return view_func(*args, **kwargs)
           ^^^^^^^^^^^^^^^^^^^^^^^^^^
  File "D:\python\python3.12.4\Lib\site-packages\rest_framework\viewsets.py", line 125, in view
    return self.dispatch(request, *args, **kwargs)
           ^^^^^^^^^^^^^^^^^^^^^^^^^^^^^^^^^^^^^^^
  File "D:\python\python3.12.4\Lib\site-packages\rest_framework\views.py", line 498, in dispatch
    request = self.initialize_request(request, *args, **kwargs)
              ^^^^^^^^^^^^^^^^^^^^^^^^^^^^^^^^^^^^^^^^^^^^^^^^^
  File "D:\python\python3.12.4\Lib\site-packages\rest_framework\viewsets.py", line 152, in initialize_request
    request = super().initialize_request(request, *args, **kwargs)
              ^^^^^^^^^^^^^^^^^^^^^^^^^^^^^^^^^^^^^^^^^^^^^^^^^^^^
  File "D:\python\python3.12.4\Lib\site-packages\rest_framework\views.py", line 400, in initialize_request
    authenticators=self.get_authenticators(),
                   ^^^^^^^^^^^^^^^^^^^^^^^^^
  File "D:\毕业设计\backend\apps\users\views.py", line 52, in get_authenticators
    if self.action in ['wechat_login', 'create']:
       ^^^^^^^^^^^
AttributeError: 'UserViewSet' object has no attribute 'action'
[ERROR] 2026-06-15 16:22:02,132 basehttp "GET /api/users/profile/ HTTP/1.1" 500 98302
[ERROR] 2026-06-15 16:22:02,171 log Internal Server Error: /api/users/profile/
Traceback (most recent call last):
  File "D:\python\python3.12.4\Lib\site-packages\django\core\handlers\exception.py", line 55, in inner
    response = get_response(request)
               ^^^^^^^^^^^^^^^^^^^^^
  File "D:\python\python3.12.4\Lib\site-packages\django\core\handlers\base.py", line 197, in _get_response
    response = wrapped_callback(request, *callback_args, **callback_kwargs)
               ^^^^^^^^^^^^^^^^^^^^^^^^^^^^^^^^^^^^^^^^^^^^^^^^^^^^^^^^^^^^
  File "D:\python\python3.12.4\Lib\site-packages\django\views\decorators\csrf.py", line 56, in wrapper_view
    return view_func(*args, **kwargs)
           ^^^^^^^^^^^^^^^^^^^^^^^^^^
  File "D:\python\python3.12.4\Lib\site-packages\rest_framework\viewsets.py", line 125, in view
    return self.dispatch(request, *args, **kwargs)
           ^^^^^^^^^^^^^^^^^^^^^^^^^^^^^^^^^^^^^^^
  File "D:\python\python3.12.4\Lib\site-packages\rest_framework\views.py", line 498, in dispatch
    request = self.initialize_request(request, *args, **kwargs)
              ^^^^^^^^^^^^^^^^^^^^^^^^^^^^^^^^^^^^^^^^^^^^^^^^^
  File "D:\python\python3.12.4\Lib\site-packages\rest_framework\viewsets.py", line 152, in initialize_request
    request = super().initialize_request(request, *args, **kwargs)
              ^^^^^^^^^^^^^^^^^^^^^^^^^^^^^^^^^^^^^^^^^^^^^^^^^^^^
  File "D:\python\python3.12.4\Lib\site-packages\rest_framework\views.py", line 400, in initialize_request
    authenticators=self.get_authenticators(),
                   ^^^^^^^^^^^^^^^^^^^^^^^^^
  File "D:\毕业设计\backend\apps\users\views.py", line 52, in get_authenticators
    if self.action in ['wechat_login', 'create']:
       ^^^^^^^^^^^
AttributeError: 'UserViewSet' object has no attribute 'action'
[ERROR] 2026-06-15 16:22:02,176 basehttp "GET /api/users/profile/ HTTP/1.1" 500 98302
[ERROR] 2026-06-15 16:22:06,005 log Internal Server Error: /api/auth/wechat-login/
Traceback (most recent call last):
  File "D:\python\python3.12.4\Lib\site-packages\django\core\handlers\exception.py", line 55, in inner
    response = get_response(request)
               ^^^^^^^^^^^^^^^^^^^^^
  File "D:\python\python3.12.4\Lib\site-packages\django\core\handlers\base.py", line 197, in _get_response
    response = wrapped_callback(request, *callback_args, **callback_kwargs)
               ^^^^^^^^^^^^^^^^^^^^^^^^^^^^^^^^^^^^^^^^^^^^^^^^^^^^^^^^^^^^
  File "D:\python\python3.12.4\Lib\site-packages\django\views\decorators\csrf.py", line 56, in wrapper_view
    return view_func(*args, **kwargs)
           ^^^^^^^^^^^^^^^^^^^^^^^^^^
  File "D:\python\python3.12.4\Lib\site-packages\rest_framework\viewsets.py", line 125, in view
    return self.dispatch(request, *args, **kwargs)
           ^^^^^^^^^^^^^^^^^^^^^^^^^^^^^^^^^^^^^^^
  File "D:\python\python3.12.4\Lib\site-packages\rest_framework\views.py", line 498, in dispatch
    request = self.initialize_request(request, *args, **kwargs)
              ^^^^^^^^^^^^^^^^^^^^^^^^^^^^^^^^^^^^^^^^^^^^^^^^^
  File "D:\python\python3.12.4\Lib\site-packages\rest_framework\viewsets.py", line 152, in initialize_request
    request = super().initialize_request(request, *args, **kwargs)
              ^^^^^^^^^^^^^^^^^^^^^^^^^^^^^^^^^^^^^^^^^^^^^^^^^^^^
  File "D:\python\python3.12.4\Lib\site-packages\rest_framework\views.py", line 400, in initialize_request
    authenticators=self.get_authenticators(),
                   ^^^^^^^^^^^^^^^^^^^^^^^^^
  File "D:\毕业设计\backend\apps\users\views.py", line 52, in get_authenticators
    if self.action in ['wechat_login', 'create']:
       ^^^^^^^^^^^
AttributeError: 'UserViewSet' object has no attribute 'action'
[ERROR] 2026-06-15 16:22:06,008 basehttp "POST /api/auth/wechat-login/ HTTP/1.1" 500 98171
[ERROR] 2026-06-15 16:22:06,049 log Internal Server Error: /api/auth/wechat-login/
Traceback (most recent call last):
  File "D:\python\python3.12.4\Lib\site-packages\django\core\handlers\exception.py", line 55, in inner
    response = get_response(request)
               ^^^^^^^^^^^^^^^^^^^^^
  File "D:\python\python3.12.4\Lib\site-packages\django\core\handlers\base.py", line 197, in _get_response
    response = wrapped_callback(request, *callback_args, **callback_kwargs)
               ^^^^^^^^^^^^^^^^^^^^^^^^^^^^^^^^^^^^^^^^^^^^^^^^^^^^^^^^^^^^
  File "D:\python\python3.12.4\Lib\site-packages\django\views\decorators\csrf.py", line 56, in wrapper_view
    return view_func(*args, **kwargs)
           ^^^^^^^^^^^^^^^^^^^^^^^^^^
  File "D:\python\python3.12.4\Lib\site-packages\rest_framework\viewsets.py", line 125, in view
    return self.dispatch(request, *args, **kwargs)
           ^^^^^^^^^^^^^^^^^^^^^^^^^^^^^^^^^^^^^^^
  File "D:\python\python3.12.4\Lib\site-packages\rest_framework\views.py", line 498, in dispatch
    request = self.initialize_request(request, *args, **kwargs)
              ^^^^^^^^^^^^^^^^^^^^^^^^^^^^^^^^^^^^^^^^^^^^^^^^^
  File "D:\python\python3.12.4\Lib\site-packages\rest_framework\viewsets.py", line 152, in initialize_request
    request = super().initialize_request(request, *args, **kwargs)
              ^^^^^^^^^^^^^^^^^^^^^^^^^^^^^^^^^^^^^^^^^^^^^^^^^^^^
  File "D:\python\python3.12.4\Lib\site-packages\rest_framework\views.py", line 400, in initialize_request
    authenticators=self.get_authenticators(),
                   ^^^^^^^^^^^^^^^^^^^^^^^^^
  File "D:\毕业设计\backend\apps\users\views.py", line 52, in get_authenticators
    if self.action in ['wechat_login', 'create']:
       ^^^^^^^^^^^
AttributeError: 'UserViewSet' object has no attribute 'action'
[ERROR] 2026-06-15 16:22:06,052 basehttp "POST /api/auth/wechat-login/ HTTP/1.1" 500 98170
[INFO] 2026-06-15 16:23:02,889 autoreload D:\毕业设计\backend\apps\users\views.py changed, reloading.
[INFO] 2026-06-15 16:23:04,271 autoreload Watching for file changes with StatReloader
[INFO] 2026-06-15 16:23:08,991 autoreload D:\毕业设计\backend\apps\users\views.py changed, reloading.
[INFO] 2026-06-15 16:23:10,240 autoreload Watching for file changes with StatReloader
[WARNING] 2026-06-15 16:23:19,301 log Unauthorized: /api/users/profile/
[WARNING] 2026-06-15 16:23:19,301 log Unauthorized: /api/words/daily_words/
[WARNING] 2026-06-15 16:23:19,301 log Unauthorized: /api/checkin/today_status/
[WARNING] 2026-06-15 16:23:19,302 basehttp "GET /api/users/profile/ HTTP/1.1" 401 67
[WARNING] 2026-06-15 16:23:19,303 basehttp "GET /api/words/daily_words/?count=5 HTTP/1.1" 401 67
[WARNING] 2026-06-15 16:23:19,303 basehttp "GET /api/checkin/today_status/ HTTP/1.1" 401 67
[WARNING] 2026-06-15 16:23:19,308 log Unauthorized: /api/users/profile/
[WARNING] 2026-06-15 16:23:19,309 basehttp "GET /api/users/profile/ HTTP/1.1" 401 67
[WARNING] 2026-06-15 16:23:19,310 log Unauthorized: /api/words/daily_words/
[WARNING] 2026-06-15 16:23:19,312 basehttp "GET /api/words/daily_words/?count=5 HTTP/1.1" 401 67
[WARNING] 2026-06-15 16:23:19,314 log Unauthorized: /api/checkin/today_status/
[WARNING] 2026-06-15 16:23:19,317 basehttp "GET /api/checkin/today_status/ HTTP/1.1" 401 67
[INFO] 2026-06-15 16:23:30,986 autoreload Watching for file changes with StatReloader
[WARNING] 2026-06-15 16:23:36,778 views 微信登录失败: {'errcode': 40013, 'errmsg': 'invalid appid, rid: 6a2fb68b-1edefd09-689a18cf'}
[INFO] 2026-06-15 16:23:36,831 basehttp "POST /api/auth/wechat-login/ HTTP/1.1" 200 825
[WARNING] 2026-06-15 16:23:46,493 log Unauthorized: /api/users/profile/
[WARNING] 2026-06-15 16:23:46,493 basehttp "GET /api/users/profile/ HTTP/1.1" 401 195
[INFO] 2026-06-15 16:24:29,428 autoreload D:\毕业设计\backend\config\settings.py changed, reloading.
[INFO] 2026-06-15 16:24:29,806 autoreload D:\毕业设计\backend\config\settings.py changed, reloading.
[INFO] 2026-06-15 16:24:30,720 autoreload Watching for file changes with StatReloader
[INFO] 2026-06-15 16:24:31,096 autoreload Watching for file changes with StatReloader
[INFO] 2026-06-15 16:24:45,856 autoreload Watching for file changes with StatReloader
[WARNING] 2026-06-15 16:24:52,229 views 微信登录失败: {'errcode': 40013, 'errmsg': 'invalid appid, rid: 6a2fb6d7-0dde98ba-752e12af'}
[INFO] 2026-06-15 16:24:52,273 basehttp "POST /api/auth/wechat-login/ HTTP/1.1" 200 825
[ERROR] 2026-06-15 16:25:00,412 exceptions Unhandled exception: 'User' object has no attribute 'is_authenticated'
Traceback (most recent call last):
  File "D:\python\python3.12.4\Lib\site-packages\rest_framework\views.py", line 503, in dispatch
    self.initial(request, *args, **kwargs)
  File "D:\python\python3.12.4\Lib\site-packages\rest_framework\views.py", line 421, in initial
    self.check_permissions(request)
  File "D:\python\python3.12.4\Lib\site-packages\rest_framework\views.py", line 338, in check_permissions
    if not permission.has_permission(request, self):
           ^^^^^^^^^^^^^^^^^^^^^^^^^^^^^^^^^^^^^^^^
  File "D:\python\python3.12.4\Lib\site-packages\rest_framework\permissions.py", line 151, in has_permission
    return bool(request.user and request.user.is_authenticated)
                                 ^^^^^^^^^^^^^^^^^^^^^^^^^^^^^
AttributeError: 'User' object has no attribute 'is_authenticated'
[ERROR] 2026-06-15 16:25:00,421 log Internal Server Error: /api/users/profile/
[ERROR] 2026-06-15 16:25:00,422 basehttp "GET /api/users/profile/ HTTP/1.1" 500 58
[INFO] 2026-06-15 16:25:21,761 autoreload D:\毕业设计\backend\apps\users\models.py changed, reloading.
[INFO] 2026-06-15 16:25:21,884 autoreload D:\毕业设计\backend\apps\users\models.py changed, reloading.
[INFO] 2026-06-15 16:25:22,175 autoreload D:\毕业设计\backend\apps\users\models.py changed, reloading.
[INFO] 2026-06-15 16:25:23,225 autoreload Watching for file changes with StatReloader
[INFO] 2026-06-15 16:25:23,368 autoreload Watching for file changes with StatReloader
[INFO] 2026-06-15 16:25:23,662 autoreload Watching for file changes with StatReloader
[INFO] 2026-06-15 16:25:34,031 autoreload Watching for file changes with StatReloader
[WARNING] 2026-06-15 16:25:42,250 views 微信登录失败: {'errcode': 40013, 'errmsg': 'invalid appid, rid: 6a2fb709-3956fc33-2020cff0'}
[INFO] 2026-06-15 16:25:42,294 basehttp "POST /api/auth/wechat-login/ HTTP/1.1" 200 833
[INFO] 2026-06-15 16:25:56,883 basehttp "GET /api/users/profile/ HTTP/1.1" 200 215
[WARNING] 2026-06-15 16:26:08,273 log Bad Request: /api/checkin/do_checkin/
[WARNING] 2026-06-15 16:26:08,275 basehttp "POST /api/checkin/do_checkin/ HTTP/1.1" 400 126
[INFO] 2026-06-15 16:26:08,343 basehttp "GET /api/words/daily_words/ HTTP/1.1" 200 3301
[INFO] 2026-06-15 16:26:20,875 basehttp "POST /api/checkin/do_checkin/ HTTP/1.1" 200 331
[WARNING] 2026-06-15 16:26:49,046 log Unauthorized: /api/users/profile/
[WARNING] 2026-06-15 16:26:49,048 basehttp "GET /api/users/profile/ HTTP/1.1" 401 67
[WARNING] 2026-06-15 16:26:49,053 log Unauthorized: /api/words/daily_words/
[WARNING] 2026-06-15 16:26:49,055 basehttp "GET /api/words/daily_words/?count=5 HTTP/1.1" 401 67
[WARNING] 2026-06-15 16:26:49,058 log Unauthorized: /api/checkin/today_status/
[WARNING] 2026-06-15 16:26:49,062 log Unauthorized: /api/users/profile/
[WARNING] 2026-06-15 16:26:49,062 basehttp "GET /api/checkin/today_status/ HTTP/1.1" 401 67
[WARNING] 2026-06-15 16:26:49,063 log Unauthorized: /api/words/daily_words/
[WARNING] 2026-06-15 16:26:49,065 basehttp "GET /api/users/profile/ HTTP/1.1" 401 67
[WARNING] 2026-06-15 16:26:49,066 basehttp "GET /api/words/daily_words/?count=5 HTTP/1.1" 401 67
[WARNING] 2026-06-15 16:26:49,075 log Unauthorized: /api/checkin/today_status/
[WARNING] 2026-06-15 16:26:49,075 basehttp "GET /api/checkin/today_status/ HTTP/1.1" 401 67
[WARNING] 2026-06-15 16:26:54,947 views 微信登录失败: {'errcode': 40013, 'errmsg': 'invalid appid, rid: 6a2fb751-32b0ae22-2ac2977f'}
[INFO] 2026-06-15 16:26:54,961 basehttp "POST /api/auth/wechat-login/ HTTP/1.1" 200 983
[INFO] 2026-06-15 16:26:56,586 basehttp "GET /api/users/profile/ HTTP/1.1" 200 349
[INFO] 2026-06-15 16:26:56,601 basehttp "GET /api/checkin/today_status/ HTTP/1.1" 200 80
[INFO] 2026-06-15 16:26:56,610 basehttp "GET /api/checkin/today_status/ HTTP/1.1" 200 80
[INFO] 2026-06-15 16:26:56,612 basehttp "GET /api/users/profile/ HTTP/1.1" 200 349
[INFO] 2026-06-15 16:26:56,612 basehttp "GET /api/words/daily_words/?count=5 HTTP/1.1" 200 1667
[INFO] 2026-06-15 16:26:56,632 basehttp "GET /api/words/daily_words/?count=5 HTTP/1.1" 200 1639
[INFO] 2026-06-15 16:27:10,923 basehttp "GET /api/words/13/ HTTP/1.1" 200 316
[INFO] 2026-06-15 16:27:15,350 basehttp "GET /api/users/profile/ HTTP/1.1" 200 349
[INFO] 2026-06-15 16:27:15,357 basehttp "GET /api/checkin/today_status/ HTTP/1.1" 200 80
[INFO] 2026-06-15 16:27:15,364 basehttp "GET /api/words/daily_words/?count=5 HTTP/1.1" 200 1658
[INFO] 2026-06-15 16:27:16,660 basehttp "GET /api/checkin/today_status/ HTTP/1.1" 200 80
[INFO] 2026-06-15 16:27:16,672 basehttp "GET /api/checkin/streak/ HTTP/1.1" 200 120
[INFO] 2026-06-15 16:27:16,676 basehttp "GET /api/checkin/calendar/?year=2026&month=6 HTTP/1.1" 200 92
[INFO] 2026-06-15 16:27:19,761 basehttp "POST /api/checkin/do_checkin/ HTTP/1.1" 200 349
[INFO] 2026-06-15 16:27:19,803 basehttp "GET /api/checkin/calendar/?year=2026&month=6 HTTP/1.1" 200 104
[ERROR] 2026-06-15 16:27:24,772 exceptions Unhandled exception: name 'request' is not defined
Traceback (most recent call last):
  File "D:\python\python3.12.4\Lib\site-packages\rest_framework\views.py", line 512, in dispatch
    response = handler(request, *args, **kwargs)
               ^^^^^^^^^^^^^^^^^^^^^^^^^^^^^^^^^
  File "D:\毕业设计\backend\apps\leaderboard\views.py", line 26, in daily
    return self._get_rank('daily')
           ^^^^^^^^^^^^^^^^^^^^^^^
  File "D:\毕业设计\backend\apps\leaderboard\views.py", line 103, in _get_rank
    if r['user_id'] == request.user.id:
                       ^^^^^^^
NameError: name 'request' is not defined. Did you mean: 'self.request'?
[ERROR] 2026-06-15 16:27:24,776 log Internal Server Error: /api/leaderboard/daily/
[ERROR] 2026-06-15 16:27:24,776 basehttp "GET /api/leaderboard/daily/ HTTP/1.1" 500 58
[ERROR] 2026-06-15 16:27:27,470 exceptions Unhandled exception: name 'request' is not defined
Traceback (most recent call last):
  File "D:\python\python3.12.4\Lib\site-packages\rest_framework\views.py", line 512, in dispatch
    response = handler(request, *args, **kwargs)
               ^^^^^^^^^^^^^^^^^^^^^^^^^^^^^^^^^
  File "D:\毕业设计\backend\apps\leaderboard\views.py", line 31, in weekly
    return self._get_rank('weekly')
           ^^^^^^^^^^^^^^^^^^^^^^^^
  File "D:\毕业设计\backend\apps\leaderboard\views.py", line 103, in _get_rank
    if r['user_id'] == request.user.id:
                       ^^^^^^^
NameError: name 'request' is not defined. Did you mean: 'self.request'?
[ERROR] 2026-06-15 16:27:27,471 log Internal Server Error: /api/leaderboard/weekly/
[ERROR] 2026-06-15 16:27:27,473 basehttp "GET /api/leaderboard/weekly/ HTTP/1.1" 500 58
[ERROR] 2026-06-15 16:27:29,265 exceptions Unhandled exception: name 'request' is not defined
Traceback (most recent call last):
  File "D:\python\python3.12.4\Lib\site-packages\rest_framework\views.py", line 512, in dispatch
    response = handler(request, *args, **kwargs)
               ^^^^^^^^^^^^^^^^^^^^^^^^^^^^^^^^^
  File "D:\毕业设计\backend\apps\leaderboard\views.py", line 26, in daily
    return self._get_rank('daily')
           ^^^^^^^^^^^^^^^^^^^^^^^
  File "D:\毕业设计\backend\apps\leaderboard\views.py", line 103, in _get_rank
    if r['user_id'] == request.user.id:
                       ^^^^^^^
NameError: name 'request' is not defined. Did you mean: 'self.request'?
[ERROR] 2026-06-15 16:27:29,266 log Internal Server Error: /api/leaderboard/daily/
[ERROR] 2026-06-15 16:27:29,267 basehttp "GET /api/leaderboard/daily/ HTTP/1.1" 500 58
[INFO] 2026-06-15 16:27:31,538 basehttp "GET /api/checkin/today_status/ HTTP/1.1" 200 283
[INFO] 2026-06-15 16:27:31,540 basehttp "GET /api/checkin/streak/ HTTP/1.1" 200 119
[INFO] 2026-06-15 16:27:31,540 basehttp "GET /api/checkin/calendar/?year=2026&month=6 HTTP/1.1" 200 104
[INFO] 2026-06-15 16:27:32,322 basehttp "GET /api/users/profile/ HTTP/1.1" 200 349
[INFO] 2026-06-15 16:27:32,329 basehttp "GET /api/checkin/today_status/ HTTP/1.1" 200 283
[INFO] 2026-06-15 16:27:32,336 basehttp "GET /api/words/daily_words/?count=5 HTTP/1.1" 200 1647
[INFO] 2026-06-15 16:27:36,400 basehttp "GET /api/words/20/ HTTP/1.1" 200 324
[INFO] 2026-06-15 16:27:42,847 basehttp "GET /api/users/profile/ HTTP/1.1" 200 349
[INFO] 2026-06-15 16:27:42,849 basehttp "GET /api/checkin/today_status/ HTTP/1.1" 200 283
[INFO] 2026-06-15 16:27:42,853 basehttp "GET /api/words/daily_words/?count=5 HTTP/1.1" 200 1657
[INFO] 2026-06-15 16:27:44,156 basehttp "GET /api/words/24/ HTTP/1.1" 200 318
[INFO] 2026-06-15 16:27:47,015 basehttp "GET /api/users/profile/ HTTP/1.1" 200 349
[INFO] 2026-06-15 16:27:47,033 basehttp "GET /api/checkin/today_status/ HTTP/1.1" 200 283
[INFO] 2026-06-15 16:27:47,035 basehttp "GET /api/words/daily_words/?count=5 HTTP/1.1" 200 1672
[INFO] 2026-06-15 16:28:00,523 basehttp "GET /api/users/profile/ HTTP/1.1" 200 349
[INFO] 2026-06-15 16:28:05,458 basehttp "GET /api/users/stats/ HTTP/1.1" 200 153
[INFO] 2026-06-15 16:28:05,461 basehttp "GET /api/checkin/records/ HTTP/1.1" 200 250
[INFO] 2026-06-15 16:28:08,136 basehttp "GET /api/users/profile/ HTTP/1.1" 200 349
[INFO] 2026-06-15 16:28:09,190 basehttp "GET /api/words/categories/ HTTP/1.1" 200 49
[INFO] 2026-06-15 16:28:09,232 basehttp "GET /api/words/?page=1&page_size=20 HTTP/1.1" 200 6471
[INFO] 2026-06-15 16:28:10,956 basehttp "GET /api/words/?page=1&page_size=20 HTTP/1.1" 200 6471
[INFO] 2026-06-15 16:28:11,144 basehttp "GET /api/words/?page=1&page_size=20&category=CET-4 HTTP/1.1" 200 6486
[INFO] 2026-06-15 16:28:12,235 basehttp "GET /api/users/profile/ HTTP/1.1" 200 349
[INFO] 2026-06-15 16:28:13,469 basehttp "GET /api/words/categories/ HTTP/1.1" 200 49
[INFO] 2026-06-15 16:28:13,531 basehttp "GET /api/words/?page=1&page_size=20 HTTP/1.1" 200 6471
[INFO] 2026-06-15 16:28:14,712 basehttp "GET /api/users/profile/ HTTP/1.1" 200 349
[INFO] 2026-06-15 16:28:15,559 basehttp "GET /api/users/login_logs/ HTTP/1.1" 200 475
[INFO] 2026-06-15 16:28:17,201 basehttp "GET /api/users/login_logs/ HTTP/1.1" 200 475
[INFO] 2026-06-15 16:28:21,331 basehttp "GET /api/checkin/today_status/ HTTP/1.1" 200 283
[INFO] 2026-06-15 16:28:21,335 basehttp "GET /api/checkin/calendar/?year=2026&month=6 HTTP/1.1" 200 104
[INFO] 2026-06-15 16:28:21,340 basehttp "GET /api/checkin/streak/ HTTP/1.1" 200 119
[INFO] 2026-06-15 16:28:21,658 basehttp "GET /api/users/profile/ HTTP/1.1" 200 349
[INFO] 2026-06-15 16:28:21,658 basehttp "GET /api/checkin/today_status/ HTTP/1.1" 200 283
[INFO] 2026-06-15 16:28:21,667 basehttp "GET /api/words/daily_words/?count=5 HTTP/1.1" 200 1653
[INFO] 2026-06-15 16:28:23,787 basehttp "GET /api/checkin/today_status/ HTTP/1.1" 200 283
[INFO] 2026-06-15 16:28:23,791 basehttp "GET /api/checkin/calendar/?year=2026&month=6 HTTP/1.1" 200 104
[INFO] 2026-06-15 16:28:23,794 basehttp "GET /api/checkin/streak/ HTTP/1.1" 200 119
[INFO] 2026-06-15 16:28:24,229 basehttp "GET /api/users/profile/ HTTP/1.1" 200 349
[INFO] 2026-06-15 16:28:24,229 basehttp "GET /api/checkin/today_status/ HTTP/1.1" 200 283
[INFO] 2026-06-15 16:28:24,236 basehttp "GET /api/words/daily_words/?count=5 HTTP/1.1" 200 1645
[INFO] 2026-06-15 16:28:25,805 basehttp "GET /api/checkin/today_status/ HTTP/1.1" 200 283
[INFO] 2026-06-15 16:28:25,810 basehttp "GET /api/checkin/streak/ HTTP/1.1" 200 119
[INFO] 2026-06-15 16:28:25,810 basehttp "GET /api/checkin/calendar/?year=2026&month=6 HTTP/1.1" 200 104
[INFO] 2026-06-15 16:28:27,456 basehttp "GET /api/users/profile/ HTTP/1.1" 200 349
[INFO] 2026-06-15 16:28:27,470 basehttp "GET /api/checkin/today_status/ HTTP/1.1" 200 283
[INFO] 2026-06-15 16:28:27,474 basehttp "GET /api/words/daily_words/?count=5 HTTP/1.1" 200 1600
[INFO] 2026-06-15 16:28:28,476 basehttp "GET /api/checkin/today_status/ HTTP/1.1" 200 283
[INFO] 2026-06-15 16:28:28,483 basehttp "GET /api/checkin/calendar/?year=2026&month=6 HTTP/1.1" 200 104
[INFO] 2026-06-15 16:28:28,484 basehttp "GET /api/checkin/streak/ HTTP/1.1" 200 119
[INFO] 2026-06-15 16:28:32,587 basehttp "GET /api/checkin/calendar/?year=2026&month=7 HTTP/1.1" 200 92
[INFO] 2026-06-15 16:28:33,189 basehttp "GET /api/checkin/calendar/?year=2026&month=6 HTTP/1.1" 200 104
[INFO] 2026-06-15 16:28:33,563 basehttp "GET /api/checkin/calendar/?year=2026&month=5 HTTP/1.1" 200 92
[INFO] 2026-06-15 16:28:34,381 basehttp "GET /api/checkin/calendar/?year=2026&month=6 HTTP/1.1" 200 104
[INFO] 2026-06-15 16:28:35,324 basehttp "GET /api/users/profile/ HTTP/1.1" 200 349
[INFO] 2026-06-15 16:28:35,335 basehttp "GET /api/checkin/today_status/ HTTP/1.1" 200 283
[INFO] 2026-06-15 16:28:35,348 basehttp "GET /api/words/daily_words/?count=5 HTTP/1.1" 200 1678
[INFO] 2026-06-15 16:28:37,910 basehttp "GET /api/checkin/today_status/ HTTP/1.1" 200 283
[INFO] 2026-06-15 16:28:37,915 basehttp "GET /api/checkin/calendar/?year=2026&month=6 HTTP/1.1" 200 104
[INFO] 2026-06-15 16:28:37,918 basehttp "GET /api/checkin/streak/ HTTP/1.1" 200 119
[INFO] 2026-06-15 16:28:40,222 basehttp "GET /api/users/profile/ HTTP/1.1" 200 349
[INFO] 2026-06-15 16:28:40,223 basehttp "GET /api/checkin/today_status/ HTTP/1.1" 200 283
[INFO] 2026-06-15 16:28:40,230 basehttp "GET /api/words/daily_words/?count=5 HTTP/1.1" 200 1653
[INFO] 2026-06-15 16:28:41,167 basehttp "GET /api/checkin/today_status/ HTTP/1.1" 200 283
[INFO] 2026-06-15 16:28:41,173 basehttp "GET /api/checkin/streak/ HTTP/1.1" 200 119
[INFO] 2026-06-15 16:28:41,173 basehttp "GET /api/checkin/calendar/?year=2026&month=6 HTTP/1.1" 200 104
[INFO] 2026-06-15 16:28:42,374 basehttp "GET /api/users/profile/ HTTP/1.1" 200 349
[INFO] 2026-06-15 16:28:42,383 basehttp "GET /api/checkin/today_status/ HTTP/1.1" 200 283
[INFO] 2026-06-15 16:28:42,391 basehttp "GET /api/words/daily_words/?count=5 HTTP/1.1" 200 1642
[INFO] 2026-06-15 16:28:44,634 basehttp "GET /api/users/profile/ HTTP/1.1" 200 349
[INFO] 2026-06-15 16:28:44,635 basehttp "GET /api/checkin/today_status/ HTTP/1.1" 200 283
[INFO] 2026-06-15 16:28:44,646 basehttp "GET /api/words/daily_words/?count=5 HTTP/1.1" 200 1633
[INFO] 2026-06-15 16:28:45,627 basehttp "GET /api/users/stats/ HTTP/1.1" 200 153
[INFO] 2026-06-15 16:28:45,632 basehttp "GET /api/checkin/records/ HTTP/1.1" 200 250
[INFO] 2026-06-15 16:28:47,437 basehttp "GET /api/users/profile/ HTTP/1.1" 200 349
[INFO] 2026-06-15 16:28:47,443 basehttp "GET /api/checkin/today_status/ HTTP/1.1" 200 283
[INFO] 2026-06-15 16:28:47,449 basehttp "GET /api/words/daily_words/?count=5 HTTP/1.1" 200 1656
[INFO] 2026-06-15 16:28:49,552 basehttp "GET /api/words/6/ HTTP/1.1" 200 331
[INFO] 2026-06-15 16:30:24,510 basehttp "GET /api/users/profile/ HTTP/1.1" 200 349
[INFO] 2026-06-15 16:30:24,522 basehttp "GET /api/checkin/today_status/ HTTP/1.1" 200 283
[INFO] 2026-06-15 16:30:24,531 basehttp "GET /api/words/daily_words/?count=5 HTTP/1.1" 200 1612
[INFO] 2026-06-15 16:30:25,717 basehttp "GET /api/checkin/today_status/ HTTP/1.1" 200 283
[INFO] 2026-06-15 16:30:25,721 basehttp "GET /api/checkin/calendar/?year=2026&month=6 HTTP/1.1" 200 104
[INFO] 2026-06-15 16:30:25,721 basehttp "GET /api/checkin/streak/ HTTP/1.1" 200 119
[INFO] 2026-06-15 16:30:26,972 basehttp "GET /api/users/profile/ HTTP/1.1" 200 349
[INFO] 2026-06-15 16:30:26,981 basehttp "GET /api/checkin/today_status/ HTTP/1.1" 200 283
[INFO] 2026-06-15 16:30:26,986 basehttp "GET /api/words/daily_words/?count=5 HTTP/1.1" 200 1604
[INFO] 2026-06-15 16:30:43,683 basehttp "GET /api/checkin/today_status/ HTTP/1.1" 200 283
[INFO] 2026-06-15 16:30:43,685 basehttp "GET /api/checkin/streak/ HTTP/1.1" 200 119
[INFO] 2026-06-15 16:30:43,685 basehttp "GET /api/checkin/calendar/?year=2026&month=6 HTTP/1.1" 200 104
[INFO] 2026-06-15 16:30:45,189 basehttp "GET /api/users/profile/ HTTP/1.1" 200 349
[INFO] 2026-06-15 16:30:45,203 basehttp "GET /api/checkin/today_status/ HTTP/1.1" 200 283
[INFO] 2026-06-15 16:30:45,209 basehttp "GET /api/words/daily_words/?count=5 HTTP/1.1" 200 1617
[INFO] 2026-06-15 16:31:12,742 basehttp "GET /api/checkin/today_status/ HTTP/1.1" 200 283
[INFO] 2026-06-15 16:31:12,744 basehttp "GET /api/checkin/streak/ HTTP/1.1" 200 119
[INFO] 2026-06-15 16:31:12,745 basehttp "GET /api/checkin/calendar/?year=2026&month=6 HTTP/1.1" 200 104
[INFO] 2026-06-15 16:31:30,591 basehttp "GET /api/users/profile/ HTTP/1.1" 200 349
[INFO] 2026-06-15 16:31:30,594 basehttp "GET /api/checkin/today_status/ HTTP/1.1" 200 283
[INFO] 2026-06-15 16:31:30,603 basehttp "GET /api/words/daily_words/?count=5 HTTP/1.1" 200 1635
[WARNING] 2026-06-15 16:35:06,701 views 微信登录失败: {'errcode': 40013, 'errmsg': 'invalid appid, rid: 6a2fb93d-607b16c8-5a995683'}
[INFO] 2026-06-15 16:35:06,717 basehttp "POST /api/auth/wechat-login/ HTTP/1.1" 200 837
[ERROR] 2026-06-15 16:35:06,720 exceptions Unhandled exception: module 'rest_framework.authentication' has no attribute 'AuthenticationFailed'
Traceback (most recent call last):
  File "D:\python\python3.12.4\Lib\site-packages\jwt\api_jws.py", line 332, in _load
    header_data = base64url_decode(header_segment)
                  ^^^^^^^^^^^^^^^^^^^^^^^^^^^^^^^^
  File "D:\python\python3.12.4\Lib\site-packages\jwt\utils.py", line 33, in base64url_decode
    return base64.urlsafe_b64decode(input_bytes)
           ^^^^^^^^^^^^^^^^^^^^^^^^^^^^^^^^^^^^^
  File "D:\python\python3.12.4\Lib\base64.py", line 134, in urlsafe_b64decode
    return b64decode(s)
           ^^^^^^^^^^^^
  File "D:\python\python3.12.4\Lib\base64.py", line 88, in b64decode
    return binascii.a2b_base64(s, strict_mode=validate)
           ^^^^^^^^^^^^^^^^^^^^^^^^^^^^^^^^^^^^^^^^^^^^
binascii.Error: Incorrect padding

The above exception was the direct cause of the following exception:

Traceback (most recent call last):
  File "D:\python\python3.12.4\Lib\site-packages\rest_framework_simplejwt\backends.py", line 160, in decode
    return jwt.decode(
           ^^^^^^^^^^^
  File "D:\python\python3.12.4\Lib\site-packages\jwt\api_jwt.py", line 368, in decode
    decoded = self.decode_complete(
              ^^^^^^^^^^^^^^^^^^^^^
  File "D:\python\python3.12.4\Lib\site-packages\jwt\api_jwt.py", line 265, in decode_complete
    decoded = self._jws.decode_complete(
              ^^^^^^^^^^^^^^^^^^^^^^^^^^
  File "D:\python\python3.12.4\Lib\site-packages\jwt\api_jws.py", line 249, in decode_complete
    payload, signing_input, header, signature = self._load(jwt)
                                                ^^^^^^^^^^^^^^^
  File "D:\python\python3.12.4\Lib\site-packages\jwt\api_jws.py", line 334, in _load
    raise DecodeError("Invalid header padding") from err
jwt.exceptions.DecodeError: Invalid header padding

The above exception was the direct cause of the following exception:

Traceback (most recent call last):
  File "D:\python\python3.12.4\Lib\site-packages\rest_framework_simplejwt\tokens.py", line 65, in __init__
    self.payload = token_backend.decode(token, verify=verify)
                   ^^^^^^^^^^^^^^^^^^^^^^^^^^^^^^^^^^^^^^^^^^
  File "D:\python\python3.12.4\Lib\site-packages\rest_framework_simplejwt\backends.py", line 177, in decode
    raise TokenBackendError(_("Token is invalid")) from e
rest_framework_simplejwt.exceptions.TokenBackendError: Token is invalid

The above exception was the direct cause of the following exception:

Traceback (most recent call last):
  File "D:\毕业设计\backend\utils\authentication.py", line 29, in authenticate
    access_token = AccessToken(token_str)
                   ^^^^^^^^^^^^^^^^^^^^^^
  File "D:\python\python3.12.4\Lib\site-packages\rest_framework_simplejwt\tokens.py", line 69, in __init__
    raise TokenError(_("Token is invalid")) from e
rest_framework_simplejwt.exceptions.TokenError: Token is invalid

During handling of the above exception, another exception occurred:

Traceback (most recent call last):
  File "D:\python\python3.12.4\Lib\site-packages\rest_framework\request.py", line 74, in wrap_attributeerrors
    yield
  File "D:\python\python3.12.4\Lib\site-packages\rest_framework\request.py", line 232, in user
    self._authenticate()
  File "D:\python\python3.12.4\Lib\site-packages\rest_framework\request.py", line 385, in _authenticate
    user_auth_tuple = authenticator.authenticate(self)
                      ^^^^^^^^^^^^^^^^^^^^^^^^^^^^^^^^
  File "D:\毕业设计\backend\utils\authentication.py", line 39, in authenticate
    raise authentication.AuthenticationFailed(str(e))
          ^^^^^^^^^^^^^^^^^^^^^^^^^^^^^^^^^^^
AttributeError: module 'rest_framework.authentication' has no attribute 'AuthenticationFailed'

During handling of the above exception, another exception occurred:

Traceback (most recent call last):
  File "D:\python\python3.12.4\Lib\site-packages\rest_framework\views.py", line 503, in dispatch
    self.initial(request, *args, **kwargs)
  File "D:\python\python3.12.4\Lib\site-packages\rest_framework\views.py", line 420, in initial
    self.perform_authentication(request)
  File "D:\python\python3.12.4\Lib\site-packages\rest_framework\views.py", line 330, in perform_authentication
    request.user
  File "D:\python\python3.12.4\Lib\site-packages\rest_framework\request.py", line 231, in user
    with wrap_attributeerrors():
  File "D:\python\python3.12.4\Lib\contextlib.py", line 158, in __exit__
    self.gen.throw(value)
  File "D:\python\python3.12.4\Lib\site-packages\rest_framework\request.py", line 78, in wrap_attributeerrors
    raise exc.with_traceback(info[2])
  File "D:\python\python3.12.4\Lib\site-packages\rest_framework\request.py", line 74, in wrap_attributeerrors
    yield
  File "D:\python\python3.12.4\Lib\site-packages\rest_framework\request.py", line 232, in user
    self._authenticate()
  File "D:\python\python3.12.4\Lib\site-packages\rest_framework\request.py", line 385, in _authenticate
    user_auth_tuple = authenticator.authenticate(self)
                      ^^^^^^^^^^^^^^^^^^^^^^^^^^^^^^^^
  File "D:\毕业设计\backend\utils\authentication.py", line 39, in authenticate
    raise authentication.AuthenticationFailed(str(e))
          ^^^^^^^^^^^^^^^^^^^^^^^^^^^^^^^^^^^
rest_framework.request.WrappedAttributeError: module 'rest_framework.authentication' has no attribute 'AuthenticationFailed'
[ERROR] 2026-06-15 16:35:06,734 log Internal Server Error: /api/words/1/
[ERROR] 2026-06-15 16:35:06,735 basehttp "GET /api/words/1/ HTTP/1.1" 500 58
[ERROR] 2026-06-15 16:35:06,737 exceptions Unhandled exception: module 'rest_framework.authentication' has no attribute 'AuthenticationFailed'
Traceback (most recent call last):
  File "D:\python\python3.12.4\Lib\site-packages\jwt\api_jws.py", line 332, in _load
    header_data = base64url_decode(header_segment)
                  ^^^^^^^^^^^^^^^^^^^^^^^^^^^^^^^^
  File "D:\python\python3.12.4\Lib\site-packages\jwt\utils.py", line 33, in base64url_decode
    return base64.urlsafe_b64decode(input_bytes)
           ^^^^^^^^^^^^^^^^^^^^^^^^^^^^^^^^^^^^^
  File "D:\python\python3.12.4\Lib\base64.py", line 134, in urlsafe_b64decode
    return b64decode(s)
           ^^^^^^^^^^^^
  File "D:\python\python3.12.4\Lib\base64.py", line 88, in b64decode
    return binascii.a2b_base64(s, strict_mode=validate)
           ^^^^^^^^^^^^^^^^^^^^^^^^^^^^^^^^^^^^^^^^^^^^
binascii.Error: Incorrect padding

The above exception was the direct cause of the following exception:

Traceback (most recent call last):
  File "D:\python\python3.12.4\Lib\site-packages\rest_framework_simplejwt\backends.py", line 160, in decode
    return jwt.decode(
           ^^^^^^^^^^^
  File "D:\python\python3.12.4\Lib\site-packages\jwt\api_jwt.py", line 368, in decode
    decoded = self.decode_complete(
              ^^^^^^^^^^^^^^^^^^^^^
  File "D:\python\python3.12.4\Lib\site-packages\jwt\api_jwt.py", line 265, in decode_complete
    decoded = self._jws.decode_complete(
              ^^^^^^^^^^^^^^^^^^^^^^^^^^
  File "D:\python\python3.12.4\Lib\site-packages\jwt\api_jws.py", line 249, in decode_complete
    payload, signing_input, header, signature = self._load(jwt)
                                                ^^^^^^^^^^^^^^^
  File "D:\python\python3.12.4\Lib\site-packages\jwt\api_jws.py", line 334, in _load
    raise DecodeError("Invalid header padding") from err
jwt.exceptions.DecodeError: Invalid header padding

The above exception was the direct cause of the following exception:

Traceback (most recent call last):
  File "D:\python\python3.12.4\Lib\site-packages\rest_framework_simplejwt\tokens.py", line 65, in __init__
    self.payload = token_backend.decode(token, verify=verify)
                   ^^^^^^^^^^^^^^^^^^^^^^^^^^^^^^^^^^^^^^^^^^
  File "D:\python\python3.12.4\Lib\site-packages\rest_framework_simplejwt\backends.py", line 177, in decode
    raise TokenBackendError(_("Token is invalid")) from e
rest_framework_simplejwt.exceptions.TokenBackendError: Token is invalid

The above exception was the direct cause of the following exception:

Traceback (most recent call last):
  File "D:\毕业设计\backend\utils\authentication.py", line 29, in authenticate
    access_token = AccessToken(token_str)
                   ^^^^^^^^^^^^^^^^^^^^^^
  File "D:\python\python3.12.4\Lib\site-packages\rest_framework_simplejwt\tokens.py", line 69, in __init__
    raise TokenError(_("Token is invalid")) from e
rest_framework_simplejwt.exceptions.TokenError: Token is invalid

During handling of the above exception, another exception occurred:

Traceback (most recent call last):
  File "D:\python\python3.12.4\Lib\site-packages\rest_framework\request.py", line 74, in wrap_attributeerrors
    yield
  File "D:\python\python3.12.4\Lib\site-packages\rest_framework\request.py", line 232, in user
    self._authenticate()
  File "D:\python\python3.12.4\Lib\site-packages\rest_framework\request.py", line 385, in _authenticate
    user_auth_tuple = authenticator.authenticate(self)
                      ^^^^^^^^^^^^^^^^^^^^^^^^^^^^^^^^
  File "D:\毕业设计\backend\utils\authentication.py", line 39, in authenticate
    raise authentication.AuthenticationFailed(str(e))
          ^^^^^^^^^^^^^^^^^^^^^^^^^^^^^^^^^^^
AttributeError: module 'rest_framework.authentication' has no attribute 'AuthenticationFailed'

During handling of the above exception, another exception occurred:

Traceback (most recent call last):
  File "D:\python\python3.12.4\Lib\site-packages\rest_framework\views.py", line 503, in dispatch
    self.initial(request, *args, **kwargs)
  File "D:\python\python3.12.4\Lib\site-packages\rest_framework\views.py", line 420, in initial
    self.perform_authentication(request)
  File "D:\python\python3.12.4\Lib\site-packages\rest_framework\views.py", line 330, in perform_authentication
    request.user
  File "D:\python\python3.12.4\Lib\site-packages\rest_framework\request.py", line 231, in user
    with wrap_attributeerrors():
  File "D:\python\python3.12.4\Lib\contextlib.py", line 158, in __exit__
    self.gen.throw(value)
  File "D:\python\python3.12.4\Lib\site-packages\rest_framework\request.py", line 78, in wrap_attributeerrors
    raise exc.with_traceback(info[2])
  File "D:\python\python3.12.4\Lib\site-packages\rest_framework\request.py", line 74, in wrap_attributeerrors
    yield
  File "D:\python\python3.12.4\Lib\site-packages\rest_framework\request.py", line 232, in user
    self._authenticate()
  File "D:\python\python3.12.4\Lib\site-packages\rest_framework\request.py", line 385, in _authenticate
    user_auth_tuple = authenticator.authenticate(self)
                      ^^^^^^^^^^^^^^^^^^^^^^^^^^^^^^^^
  File "D:\毕业设计\backend\utils\authentication.py", line 39, in authenticate
    raise authentication.AuthenticationFailed(str(e))
          ^^^^^^^^^^^^^^^^^^^^^^^^^^^^^^^^^^^
rest_framework.request.WrappedAttributeError: module 'rest_framework.authentication' has no attribute 'AuthenticationFailed'
[ERROR] 2026-06-15 16:35:06,743 log Internal Server Error: /api/leaderboard/daily/
[ERROR] 2026-06-15 16:35:06,743 basehttp "GET /api/leaderboard/daily/ HTTP/1.1" 500 58
[INFO] 2026-06-15 16:35:43,620 basehttp "GET /api/users/profile/ HTTP/1.1" 200 349
[INFO] 2026-06-15 16:35:43,631 basehttp "GET /api/checkin/today_status/ HTTP/1.1" 200 283
[INFO] 2026-06-15 16:35:43,649 basehttp "GET /api/users/profile/ HTTP/1.1" 200 349
[INFO] 2026-06-15 16:35:43,649 basehttp "GET /api/checkin/today_status/ HTTP/1.1" 200 283
[INFO] 2026-06-15 16:35:43,650 basehttp "GET /api/words/daily_words/?count=5 HTTP/1.1" 200 1652
[INFO] 2026-06-15 16:35:43,676 basehttp "GET /api/words/daily_words/?count=5 HTTP/1.1" 200 1615
[INFO] 2026-06-15 16:35:48,737 basehttp "GET /api/users/profile/ HTTP/1.1" 200 349
[INFO] 2026-06-15 16:35:48,738 basehttp "GET /api/checkin/today_status/ HTTP/1.1" 200 283
[INFO] 2026-06-15 16:35:48,749 basehttp "GET /api/users/profile/ HTTP/1.1" 200 349
[INFO] 2026-06-15 16:35:48,751 basehttp "GET /api/words/daily_words/?count=5 HTTP/1.1" 200 1644
[INFO] 2026-06-15 16:35:48,779 basehttp "GET /api/checkin/today_status/ HTTP/1.1" 200 283
[INFO] 2026-06-15 16:35:48,781 basehttp "GET /api/words/daily_words/?count=5 HTTP/1.1" 200 1673
[INFO] 2026-06-15 16:35:52,510 basehttp "GET /api/words/28/ HTTP/1.1" 200 337
[INFO] 2026-06-15 16:35:54,848 basehttp "GET /api/users/profile/ HTTP/1.1" 200 349
[INFO] 2026-06-15 16:35:54,858 basehttp "GET /api/checkin/today_status/ HTTP/1.1" 200 283
[INFO] 2026-06-15 16:35:54,868 basehttp "GET /api/words/daily_words/?count=5 HTTP/1.1" 200 1682
[INFO] 2026-06-15 16:35:55,919 basehttp "GET /api/checkin/today_status/ HTTP/1.1" 200 283
[INFO] 2026-06-15 16:35:55,923 basehttp "GET /api/checkin/streak/ HTTP/1.1" 200 119
[INFO] 2026-06-15 16:35:55,924 basehttp "GET /api/checkin/calendar/?year=2026&month=6 HTTP/1.1" 200 104
[INFO] 2026-06-15 16:35:56,979 basehttp "GET /api/users/profile/ HTTP/1.1" 200 349
[INFO] 2026-06-15 16:35:56,979 basehttp "GET /api/checkin/today_status/ HTTP/1.1" 200 283
[INFO] 2026-06-15 16:35:56,992 basehttp "GET /api/words/daily_words/?count=5 HTTP/1.1" 200 1642
[INFO] 2026-06-15 16:36:00,186 basehttp "GET /api/users/profile/ HTTP/1.1" 200 349
[INFO] 2026-06-15 16:36:00,196 basehttp "GET /api/checkin/today_status/ HTTP/1.1" 200 283
[INFO] 2026-06-15 16:36:00,207 basehttp "GET /api/users/profile/ HTTP/1.1" 200 349
[INFO] 2026-06-15 16:36:00,210 basehttp "GET /api/words/daily_words/?count=5 HTTP/1.1" 200 1621
[INFO] 2026-06-15 16:36:00,214 basehttp "GET /api/checkin/today_status/ HTTP/1.1" 200 283
[INFO] 2026-06-15 16:36:00,235 basehttp "GET /api/words/daily_words/?count=5 HTTP/1.1" 200 1705
[INFO] 2026-06-15 16:36:16,374 autoreload D:\毕业设计\backend\utils\authentication.py changed, reloading.
[INFO] 2026-06-15 16:36:16,418 autoreload D:\毕业设计\backend\utils\authentication.py changed, reloading.
[INFO] 2026-06-15 16:36:16,450 autoreload D:\毕业设计\backend\utils\authentication.py changed, reloading.
[INFO] 2026-06-15 16:36:17,476 autoreload D:\毕业设计\backend\utils\authentication.py changed, reloading.
[INFO] 2026-06-15 16:36:17,852 autoreload Watching for file changes with StatReloader
[INFO] 2026-06-15 16:36:18,834 autoreload Watching for file changes with StatReloader
[INFO] 2026-06-15 16:36:21,492 autoreload D:\毕业设计\backend\utils\authentication.py changed, reloading.
[INFO] 2026-06-15 16:36:21,610 autoreload D:\毕业设计\backend\utils\authentication.py changed, reloading.
[INFO] 2026-06-15 16:36:21,656 autoreload D:\毕业设计\backend\utils\authentication.py changed, reloading.
[INFO] 2026-06-15 16:36:22,233 autoreload D:\毕业设计\backend\utils\authentication.py changed, reloading.
[INFO] 2026-06-15 16:36:22,788 autoreload Watching for file changes with StatReloader
[INFO] 2026-06-15 16:36:22,932 autoreload Watching for file changes with StatReloader
[INFO] 2026-06-15 16:36:22,982 autoreload Watching for file changes with StatReloader
[INFO] 2026-06-15 16:36:23,607 autoreload Watching for file changes with StatReloader
[WARNING] 2026-06-15 16:36:31,473 views 微信登录失败: {'errcode': 40013, 'errmsg': 'invalid appid, rid: 6a2fb992-522f7715-2354a054'}
[INFO] 2026-06-15 16:36:31,518 basehttp "POST /api/auth/wechat-login/ HTTP/1.1" 200 834
[INFO] 2026-06-15 16:36:31,530 basehttp "GET /api/words/1/ HTTP/1.1" 200 301
[ERROR] 2026-06-15 16:36:31,545 exceptions Unhandled exception: name 'request' is not defined
Traceback (most recent call last):
  File "D:\python\python3.12.4\Lib\site-packages\rest_framework\views.py", line 512, in dispatch
    response = handler(request, *args, **kwargs)
               ^^^^^^^^^^^^^^^^^^^^^^^^^^^^^^^^^
  File "D:\毕业设计\backend\apps\leaderboard\views.py", line 26, in daily
    return self._get_rank('daily')
           ^^^^^^^^^^^^^^^^^^^^^^^
  File "D:\毕业设计\backend\apps\leaderboard\views.py", line 103, in _get_rank
    if r['user_id'] == request.user.id:
                       ^^^^^^^
NameError: name 'request' is not defined. Did you mean: 'self.request'?
[ERROR] 2026-06-15 16:36:31,550 log Internal Server Error: /api/leaderboard/daily/
[ERROR] 2026-06-15 16:36:31,551 basehttp "GET /api/leaderboard/daily/ HTTP/1.1" 500 58
[INFO] 2026-06-15 16:37:00,812 autoreload D:\毕业设计\backend\apps\leaderboard\views.py changed, reloading.
[INFO] 2026-06-15 16:37:01,145 autoreload D:\毕业设计\backend\apps\leaderboard\views.py changed, reloading.
[INFO] 2026-06-15 16:37:01,722 autoreload D:\毕业设计\backend\apps\leaderboard\views.py changed, reloading.
[INFO] 2026-06-15 16:37:01,777 autoreload D:\毕业设计\backend\apps\leaderboard\views.py changed, reloading.
[INFO] 2026-06-15 16:37:02,206 autoreload Watching for file changes with StatReloader
[INFO] 2026-06-15 16:37:02,710 autoreload Watching for file changes with StatReloader
[INFO] 2026-06-15 16:37:03,436 autoreload Watching for file changes with StatReloader
[INFO] 2026-06-15 16:37:03,472 autoreload Watching for file changes with StatReloader
[INFO] 2026-06-15 16:37:04,267 basehttp "GET /api/checkin/today_status/ HTTP/1.1" 200 283
[INFO] 2026-06-15 16:37:04,269 basehttp "GET /api/users/profile/ HTTP/1.1" 200 349
[INFO] 2026-06-15 16:37:04,283 basehttp "GET /api/words/daily_words/?count=5 HTTP/1.1" 200 1611
[INFO] 2026-06-15 16:37:04,292 basehttp "GET /api/users/profile/ HTTP/1.1" 200 349
[INFO] 2026-06-15 16:37:04,292 basehttp "GET /api/checkin/today_status/ HTTP/1.1" 200 283
[INFO] 2026-06-15 16:37:04,321 basehttp "GET /api/checkin/today_status/ HTTP/1.1" 200 283
[INFO] 2026-06-15 16:37:04,322 basehttp "GET /api/users/profile/ HTTP/1.1" 200 349
[INFO] 2026-06-15 16:37:04,330 basehttp "GET /api/words/daily_words/?count=5 HTTP/1.1" 200 1666
[INFO] 2026-06-15 16:37:04,340 basehttp "GET /api/checkin/today_status/ HTTP/1.1" 200 283
[INFO] 2026-06-15 16:37:04,343 basehttp "GET /api/users/profile/ HTTP/1.1" 200 349
[INFO] 2026-06-15 16:37:04,362 basehttp "GET /api/words/daily_words/?count=5 HTTP/1.1" 200 1629
[INFO] 2026-06-15 16:37:04,392 basehttp "GET /api/words/daily_words/?count=5 HTTP/1.1" 200 1670
[WARNING] 2026-06-15 16:37:21,136 views 微信登录失败: {'errcode': 40013, 'errmsg': 'invalid appid, rid: 6a2fb9c4-6ae2cf1d-39e3951a'}
[INFO] 2026-06-15 16:37:21,149 basehttp "POST /api/auth/wechat-login/ HTTP/1.1" 200 830
[INFO] 2026-06-15 16:37:21,161 basehttp "GET /api/words/1/ HTTP/1.1" 200 301
[INFO] 2026-06-15 16:37:21,180 basehttp "GET /api/leaderboard/daily/ HTTP/1.1" 200 1111
[WARNING] 2026-06-15 16:37:34,288 views 微信登录失败: {'errcode': 40013, 'errmsg': 'invalid appid, rid: 6a2fb9d1-04d19370-010fd32c'}
[INFO] 2026-06-15 16:37:34,301 basehttp "POST /api/auth/wechat-login/ HTTP/1.1" 200 801
[INFO] 2026-06-15 16:37:34,314 basehttp "GET /api/words/1/ HTTP/1.1" 200 301
[WARNING] 2026-06-15 16:37:42,178 views 微信登录失败: {'errcode': 40013, 'errmsg': 'invalid appid, rid: 6a2fb9d9-4e8e3002-12acd8d7'}
[INFO] 2026-06-15 16:37:42,193 basehttp "POST /api/auth/wechat-login/ HTTP/1.1" 200 802
[INFO] 2026-06-15 16:37:42,206 basehttp "GET /api/words/1/ HTTP/1.1" 200 301
[WARNING] 2026-06-15 16:37:49,680 views 微信登录失败: {'errcode': 40013, 'errmsg': 'invalid appid, rid: 6a2fb9e0-3af475b9-1c27f76c'}
[INFO] 2026-06-15 16:37:49,693 basehttp "POST /api/auth/wechat-login/ HTTP/1.1" 200 801
[INFO] 2026-06-15 16:37:49,703 basehttp "GET /api/words/1/ HTTP/1.1" 200 301
[INFO] 2026-06-15 16:38:34,310 autoreload D:\毕业设计\backend\apps\words\views.py changed, reloading.
[INFO] 2026-06-15 16:38:34,379 autoreload D:\毕业设计\backend\apps\words\views.py changed, reloading.
[INFO] 2026-06-15 16:38:34,609 autoreload D:\毕业设计\backend\apps\words\views.py changed, reloading.
[INFO] 2026-06-15 16:38:34,842 autoreload D:\毕业设计\backend\apps\words\views.py changed, reloading.
[INFO] 2026-06-15 16:38:35,704 autoreload Watching for file changes with StatReloader
[INFO] 2026-06-15 16:38:35,771 autoreload Watching for file changes with StatReloader
[INFO] 2026-06-15 16:38:35,976 autoreload Watching for file changes with StatReloader
[INFO] 2026-06-15 16:38:36,191 autoreload Watching for file changes with StatReloader
[WARNING] 2026-06-15 16:38:52,917 views 微信登录失败: {'errcode': 40013, 'errmsg': 'invalid appid, rid: 6a2fba1f-3a980d24-696a01cb'}
[INFO] 2026-06-15 16:38:52,960 basehttp "POST /api/auth/wechat-login/ HTTP/1.1" 200 823
[INFO] 2026-06-15 16:38:52,972 basehttp "GET /api/words/1/ HTTP/1.1" 200 341
[INFO] 2026-06-15 16:38:53,012 basehttp "GET /api/words/ HTTP/1.1" 200 6489
[WARNING] 2026-06-15 16:39:04,525 views 微信登录失败: {'errcode': 40013, 'errmsg': 'invalid appid, rid: 6a2fba2b-7d71f89e-1b7e184a'}
[INFO] 2026-06-15 16:39:04,538 basehttp "POST /api/auth/wechat-login/ HTTP/1.1" 200 812
[INFO] 2026-06-15 16:39:04,579 basehttp "GET /api/words/ HTTP/1.1" 200 6489
[INFO] 2026-06-15 16:39:16,506 autoreload D:\毕业设计\backend\apps\words\views.py changed, reloading.
[INFO] 2026-06-15 16:39:16,765 autoreload D:\毕业设计\backend\apps\words\views.py changed, reloading.
[INFO] 2026-06-15 16:39:16,877 autoreload D:\毕业设计\backend\apps\words\views.py changed, reloading.
[INFO] 2026-06-15 16:39:17,207 autoreload D:\毕业设计\backend\apps\words\views.py changed, reloading.
[INFO] 2026-06-15 16:39:17,900 autoreload Watching for file changes with StatReloader
[INFO] 2026-06-15 16:39:18,136 autoreload Watching for file changes with StatReloader
[INFO] 2026-06-15 16:39:18,261 autoreload Watching for file changes with StatReloader
[INFO] 2026-06-15 16:39:18,598 autoreload Watching for file changes with StatReloader
[WARNING] 2026-06-15 16:39:25,814 views 微信登录失败: {'errcode': 40013, 'errmsg': 'invalid appid, rid: 6a2fba40-55732d78-12d119e2'}
[INFO] 2026-06-15 16:39:25,855 basehttp "POST /api/auth/wechat-login/ HTTP/1.1" 200 830
[INFO] 2026-06-15 16:39:25,867 basehttp "GET /api/words/1/ HTTP/1.1" 200 341
[INFO] 2026-06-15 16:39:25,902 basehttp "GET /api/words/ HTTP/1.1" 200 6498
[INFO] 2026-06-15 16:39:25,923 basehttp "GET /api/leaderboard/daily/ HTTP/1.1" 200 1642
[INFO] 2026-06-15 16:39:25,939 basehttp "POST /api/words/mark_learned/ HTTP/1.1" 200 317
[INFO] 2026-06-15 16:40:22,703 basehttp "GET /api/leaderboard/daily/ HTTP/1.1" 200 1781
[INFO] 2026-06-15 16:40:28,780 basehttp "GET /api/leaderboard/weekly/ HTTP/1.1" 200 1782
[INFO] 2026-06-15 16:40:30,226 basehttp "GET /api/leaderboard/daily/ HTTP/1.1" 200 1781
[INFO] 2026-06-15 16:40:30,582 basehttp "GET /api/leaderboard/weekly/ HTTP/1.1" 200 1782
[INFO] 2026-06-15 16:40:30,797 basehttp "GET /api/leaderboard/monthly/ HTTP/1.1" 200 1783
[INFO] 2026-06-15 16:40:30,995 basehttp "GET /api/leaderboard/alltime/ HTTP/1.1" 200 1783
[INFO] 2026-06-15 16:40:31,347 basehttp "GET /api/leaderboard/monthly/ HTTP/1.1" 200 1783
[INFO] 2026-06-15 16:40:31,859 basehttp "GET /api/leaderboard/alltime/ HTTP/1.1" 200 1783
[INFO] 2026-06-15 16:40:32,399 basehttp "GET /api/leaderboard/monthly/ HTTP/1.1" 200 1783
[INFO] 2026-06-15 16:40:32,914 basehttp "GET /api/leaderboard/daily/ HTTP/1.1" 200 1781
[INFO] 2026-06-15 16:40:33,901 basehttp "GET /api/leaderboard/weekly/ HTTP/1.1" 200 1782
[INFO] 2026-06-15 16:40:34,276 basehttp "GET /api/leaderboard/monthly/ HTTP/1.1" 200 1783
[INFO] 2026-06-15 16:40:34,526 basehttp "GET /api/leaderboard/alltime/ HTTP/1.1" 200 1783
[INFO] 2026-06-15 16:40:34,920 basehttp "GET /api/leaderboard/monthly/ HTTP/1.1" 200 1783
[INFO] 2026-06-15 16:40:35,163 basehttp "GET /api/leaderboard/weekly/ HTTP/1.1" 200 1782
[INFO] 2026-06-15 16:40:35,372 basehttp "GET /api/leaderboard/daily/ HTTP/1.1" 200 1781
[INFO] 2026-06-15 16:40:36,974 basehttp "GET /api/checkin/today_status/ HTTP/1.1" 200 283
[INFO] 2026-06-15 16:40:36,975 basehttp "GET /api/checkin/calendar/?year=2026&month=6 HTTP/1.1" 200 104
[INFO] 2026-06-15 16:40:36,975 basehttp "GET /api/checkin/streak/ HTTP/1.1" 200 119
[INFO] 2026-06-15 16:40:40,482 basehttp "GET /api/users/profile/ HTTP/1.1" 200 349
[INFO] 2026-06-15 16:40:40,491 basehttp "GET /api/checkin/today_status/ HTTP/1.1" 200 283
[INFO] 2026-06-15 16:40:40,496 basehttp "GET /api/words/daily_words/?count=5 HTTP/1.1" 200 1675
[INFO] 2026-06-15 16:40:41,779 basehttp "GET /api/words/45/ HTTP/1.1" 200 356
[INFO] 2026-06-15 16:40:43,404 basehttp "POST /api/words/mark_learned/ HTTP/1.1" 200 316
[INFO] 2026-06-15 16:40:51,174 basehttp "GET /api/users/profile/ HTTP/1.1" 200 349
[INFO] 2026-06-15 16:40:51,182 basehttp "GET /api/checkin/today_status/ HTTP/1.1" 200 283
[INFO] 2026-06-15 16:40:51,188 basehttp "GET /api/words/daily_words/?count=5 HTTP/1.1" 200 1631
[INFO] 2026-06-15 16:40:54,785 basehttp "GET /api/words/categories/ HTTP/1.1" 200 49
[INFO] 2026-06-15 16:40:54,822 basehttp "GET /api/words/?page=1&page_size=20 HTTP/1.1" 200 6511
[INFO] 2026-06-15 16:40:59,458 basehttp "GET /api/words/?page=1&page_size=20 HTTP/1.1" 200 6511
[INFO] 2026-06-15 16:41:00,212 basehttp "GET /api/words/?page=1&page_size=20&category=CET-4 HTTP/1.1" 200 6526
[INFO] 2026-06-15 16:41:00,939 basehttp "GET /api/words/?page=1&page_size=20 HTTP/1.1" 200 6511
[INFO] 2026-06-15 16:41:02,340 basehttp "GET /api/words/?page=1&page_size=20&category=CET-4 HTTP/1.1" 200 6526
[INFO] 2026-06-15 16:41:02,532 basehttp "GET /api/words/?page=1&page_size=20 HTTP/1.1" 200 6511
[INFO] 2026-06-15 16:41:02,721 basehttp "GET /api/words/?page=1&page_size=20&category=CET-4 HTTP/1.1" 200 6526
[INFO] 2026-06-15 16:41:02,901 basehttp "GET /api/words/?page=1&page_size=20 HTTP/1.1" 200 6511
[INFO] 2026-06-15 16:41:03,066 basehttp "GET /api/words/?page=1&page_size=20&category=CET-4 HTTP/1.1" 200 6526
[INFO] 2026-06-15 16:41:03,249 basehttp "GET /api/words/?page=1&page_size=20 HTTP/1.1" 200 6511
[INFO] 2026-06-15 16:41:03,431 basehttp "GET /api/words/?page=1&page_size=20&category=CET-4 HTTP/1.1" 200 6526
[INFO] 2026-06-15 16:41:03,625 basehttp "GET /api/words/?page=1&page_size=20 HTTP/1.1" 200 6511
[INFO] 2026-06-15 16:41:03,855 basehttp "GET /api/words/?page=1&page_size=20&category=CET-4 HTTP/1.1" 200 6526
[INFO] 2026-06-15 16:41:04,070 basehttp "GET /api/words/?page=1&page_size=20 HTTP/1.1" 200 6511
[INFO] 2026-06-15 16:41:04,243 basehttp "GET /api/words/?page=1&page_size=20&category=CET-4 HTTP/1.1" 200 6526
[INFO] 2026-06-15 16:41:04,929 basehttp "GET /api/words/?page=1&page_size=20 HTTP/1.1" 200 6511
[INFO] 2026-06-15 16:41:05,084 basehttp "GET /api/words/?page=1&page_size=20&category=CET-4 HTTP/1.1" 200 6526
[INFO] 2026-06-15 16:41:05,266 basehttp "GET /api/words/?page=1&page_size=20 HTTP/1.1" 200 6511
[INFO] 2026-06-15 16:41:05,436 basehttp "GET /api/words/?page=1&page_size=20&category=CET-4 HTTP/1.1" 200 6526
[INFO] 2026-06-15 16:41:05,597 basehttp "GET /api/words/?page=1&page_size=20 HTTP/1.1" 200 6511
[INFO] 2026-06-15 16:41:05,763 basehttp "GET /api/words/?page=1&page_size=20&category=CET-4 HTTP/1.1" 200 6526
[INFO] 2026-06-15 16:41:06,321 basehttp "GET /api/words/?page=1&page_size=20 HTTP/1.1" 200 6511
[INFO] 2026-06-15 16:41:14,231 basehttp "GET /api/words/?page=1&page_size=20&search=abandon HTTP/1.1" 200 6526
[INFO] 2026-06-15 16:41:36,402 basehttp "GET /api/words/?page=1&page_size=20&search=beam HTTP/1.1" 200 6523
[INFO] 2026-06-15 16:41:37,852 basehttp "GET /api/words/?page=1&page_size=20&search=beam HTTP/1.1" 200 6523
[INFO] 2026-06-15 16:41:37,990 basehttp "GET /api/words/?page=1&page_size=20&search=beam HTTP/1.1" 200 6523
[INFO] 2026-06-15 16:41:39,089 basehttp "GET /api/words/?page=1&page_size=20&search=beam HTTP/1.1" 200 6523
[INFO] 2026-06-15 16:41:39,346 basehttp "GET /api/words/?page=1&page_size=20&search=beam HTTP/1.1" 200 6523
[INFO] 2026-06-15 16:41:39,634 basehttp "GET /api/words/?page=1&page_size=20&search=beam HTTP/1.1" 200 6523
[INFO] 2026-06-15 16:41:40,144 basehttp "GET /api/words/?page=1&page_size=20&category=CET-4&search=beam HTTP/1.1" 200 6538
[INFO] 2026-06-15 16:41:40,454 basehttp "GET /api/words/?page=1&page_size=20&search=beam HTTP/1.1" 200 6523
[INFO] 2026-06-15 16:41:41,246 basehttp "GET /api/words/?page=1&page_size=20&category=CET-4&search=beam HTTP/1.1" 200 6538
[INFO] 2026-06-15 16:41:42,088 basehttp "GET /api/words/1/ HTTP/1.1" 200 341
[INFO] 2026-06-15 16:41:44,450 basehttp "POST /api/words/mark_learned/ HTTP/1.1" 200 316
[INFO] 2026-06-15 16:41:48,818 basehttp "GET /api/words/1/ HTTP/1.1" 200 340
[INFO] 2026-06-15 16:41:51,215 basehttp "GET /api/users/profile/ HTTP/1.1" 200 349
[INFO] 2026-06-15 16:41:51,216 basehttp "GET /api/checkin/today_status/ HTTP/1.1" 200 283
[INFO] 2026-06-15 16:41:51,223 basehttp "GET /api/words/daily_words/?count=5 HTTP/1.1" 200 1657
[INFO] 2026-06-15 16:41:52,759 basehttp "GET /api/words/categories/ HTTP/1.1" 200 49
[INFO] 2026-06-15 16:41:52,805 basehttp "GET /api/words/?page=1&page_size=20 HTTP/1.1" 200 6510
[INFO] 2026-06-15 16:41:55,402 basehttp "GET /api/words/1/ HTTP/1.1" 200 340
[INFO] 2026-06-15 16:41:59,363 basehttp "GET /api/users/profile/ HTTP/1.1" 200 349
[INFO] 2026-06-15 16:41:59,377 basehttp "GET /api/checkin/today_status/ HTTP/1.1" 200 283
[INFO] 2026-06-15 16:41:59,380 basehttp "GET /api/words/daily_words/?count=5 HTTP/1.1" 200 1603
[INFO] 2026-06-15 16:42:40,622 basehttp "GET /api/words/7/ HTTP/1.1" 200 353
[INFO] 2026-06-15 16:42:41,980 basehttp "POST /api/words/mark_learned/ HTTP/1.1" 200 319
[INFO] 2026-06-15 16:42:56,106 basehttp "GET /api/users/profile/ HTTP/1.1" 200 349
[INFO] 2026-06-15 16:42:56,114 basehttp "GET /api/checkin/today_status/ HTTP/1.1" 200 283
[INFO] 2026-06-15 16:42:56,118 basehttp "GET /api/words/daily_words/?count=5 HTTP/1.1" 200 1614
[INFO] 2026-06-15 16:42:59,759 basehttp "GET /api/words/48/ HTTP/1.1" 200 356
[INFO] 2026-06-15 16:43:01,244 basehttp "POST /api/words/mark_learned/ HTTP/1.1" 200 316
[INFO] 2026-06-15 16:44:48,788 basehttp "GET /api/users/profile/ HTTP/1.1" 200 349
[INFO] 2026-06-15 16:44:48,789 basehttp "GET /api/checkin/today_status/ HTTP/1.1" 200 283
[INFO] 2026-06-15 16:44:48,795 basehttp "GET /api/words/daily_words/?count=5 HTTP/1.1" 200 1614
[INFO] 2026-06-15 16:44:50,834 basehttp "GET /api/words/categories/ HTTP/1.1" 200 49
[INFO] 2026-06-15 16:44:50,879 basehttp "GET /api/words/?page=1&page_size=20 HTTP/1.1" 200 6509
[INFO] 2026-06-15 16:44:53,088 basehttp "GET /api/words/1/ HTTP/1.1" 200 340
[INFO] 2026-06-15 16:44:54,091 basehttp "POST /api/words/mark_learned/ HTTP/1.1" 200 302
[INFO] 2026-06-15 16:45:00,492 basehttp "GET /api/users/profile/ HTTP/1.1" 200 349
[INFO] 2026-06-15 16:45:00,504 basehttp "GET /api/checkin/today_status/ HTTP/1.1" 200 283
[INFO] 2026-06-15 16:45:00,514 basehttp "GET /api/words/daily_words/?count=5 HTTP/1.1" 200 1635
[INFO] 2026-06-15 16:45:01,617 basehttp "GET /api/words/categories/ HTTP/1.1" 200 49
[INFO] 2026-06-15 16:45:01,661 basehttp "GET /api/words/?page=1&page_size=20 HTTP/1.1" 200 6508
[INFO] 2026-06-15 16:45:04,083 basehttp "GET /api/words/1/ HTTP/1.1" 200 339
[INFO] 2026-06-15 16:47:44,997 basehttp "GET /api/users/profile/ HTTP/1.1" 200 349
[INFO] 2026-06-15 16:47:45,003 basehttp "GET /api/checkin/today_status/ HTTP/1.1" 200 283
[INFO] 2026-06-15 16:47:45,008 basehttp "GET /api/words/daily_words/?count=5 HTTP/1.1" 200 1627
[INFO] 2026-06-15 16:48:50,884 basehttp "GET /api/words/categories/ HTTP/1.1" 200 49
[INFO] 2026-06-15 16:48:50,940 basehttp "GET /api/words/?page=1&page_size=20 HTTP/1.1" 200 6508
[INFO] 2026-06-15 16:48:53,123 basehttp "GET /api/words/?page=1&page_size=20 HTTP/1.1" 200 6508
[INFO] 2026-06-15 16:48:53,469 basehttp "GET /api/words/?page=1&page_size=20&category=CET-4 HTTP/1.1" 200 6523
[INFO] 2026-06-15 16:48:53,774 basehttp "GET /api/words/?page=1&page_size=20 HTTP/1.1" 200 6508
[INFO] 2026-06-15 16:48:53,922 basehttp "GET /api/words/?page=1&page_size=20&category=CET-4 HTTP/1.1" 200 6523
[INFO] 2026-06-15 16:48:56,896 basehttp "GET /api/users/profile/ HTTP/1.1" 200 349
[INFO] 2026-06-15 16:48:56,896 basehttp "GET /api/checkin/today_status/ HTTP/1.1" 200 283
[INFO] 2026-06-15 16:48:56,908 basehttp "GET /api/words/daily_words/?count=5 HTTP/1.1" 200 1658
[INFO] 2026-06-15 16:48:59,342 basehttp "GET /api/checkin/today_status/ HTTP/1.1" 200 283
[INFO] 2026-06-15 16:48:59,342 basehttp "GET /api/checkin/calendar/?year=2026&month=6 HTTP/1.1" 200 104
[INFO] 2026-06-15 16:48:59,342 basehttp "GET /api/checkin/streak/ HTTP/1.1" 200 119
[INFO] 2026-06-15 16:49:01,904 basehttp "GET /api/users/profile/ HTTP/1.1" 200 349
[INFO] 2026-06-15 16:49:01,913 basehttp "GET /api/checkin/today_status/ HTTP/1.1" 200 283
[INFO] 2026-06-15 16:49:01,948 basehttp "GET /api/words/daily_words/?count=5 HTTP/1.1" 200 1612
[INFO] 2026-06-15 16:49:03,234 basehttp "GET /api/words/categories/ HTTP/1.1" 200 49
[INFO] 2026-06-15 16:49:03,272 basehttp "GET /api/words/?page=1&page_size=20 HTTP/1.1" 200 6508
[INFO] 2026-06-15 16:49:39,891 basehttp "GET /api/users/profile/ HTTP/1.1" 200 349
[INFO] 2026-06-15 16:49:39,902 basehttp "GET /api/checkin/today_status/ HTTP/1.1" 200 283
[INFO] 2026-06-15 16:49:39,912 basehttp "GET /api/words/daily_words/?count=5 HTTP/1.1" 200 1639
[INFO] 2026-06-15 16:49:42,104 basehttp "GET /api/users/stats/ HTTP/1.1" 200 153
[INFO] 2026-06-15 16:49:42,106 basehttp "GET /api/checkin/records/ HTTP/1.1" 200 250
[INFO] 2026-06-15 16:49:58,421 basehttp "GET /api/users/profile/ HTTP/1.1" 200 349
[INFO] 2026-06-15 16:49:58,428 basehttp "GET /api/checkin/today_status/ HTTP/1.1" 200 283
[INFO] 2026-06-15 16:49:58,433 basehttp "GET /api/words/daily_words/?count=5 HTTP/1.1" 200 1688
[INFO] 2026-06-15 16:50:00,658 basehttp "GET /api/users/profile/ HTTP/1.1" 200 349
[INFO] 2026-06-15 16:50:05,530 basehttp "GET /api/leaderboard/weekly/ HTTP/1.1" 200 1782
[INFO] 2026-06-15 16:50:06,729 basehttp "GET /api/leaderboard/monthly/ HTTP/1.1" 200 1783
[INFO] 2026-06-15 16:50:07,254 basehttp "GET /api/leaderboard/alltime/ HTTP/1.1" 200 1783
[INFO] 2026-06-15 16:50:08,690 basehttp "GET /api/leaderboard/monthly/ HTTP/1.1" 200 1783
[INFO] 2026-06-15 16:50:09,292 basehttp "GET /api/leaderboard/alltime/ HTTP/1.1" 200 1783
[INFO] 2026-06-15 16:50:09,836 basehttp "GET /api/leaderboard/monthly/ HTTP/1.1" 200 1783
[INFO] 2026-06-15 16:50:10,276 basehttp "GET /api/leaderboard/weekly/ HTTP/1.1" 200 1782
[INFO] 2026-06-15 16:50:10,544 basehttp "GET /api/leaderboard/daily/ HTTP/1.1" 200 1781
[INFO] 2026-06-15 16:50:11,955 basehttp "GET /api/leaderboard/weekly/ HTTP/1.1" 200 1782
[INFO] 2026-06-15 16:50:12,372 basehttp "GET /api/leaderboard/monthly/ HTTP/1.1" 200 1783
[INFO] 2026-06-15 16:50:12,712 basehttp "GET /api/leaderboard/weekly/ HTTP/1.1" 200 1782
[INFO] 2026-06-15 16:50:12,961 basehttp "GET /api/leaderboard/daily/ HTTP/1.1" 200 1781
[INFO] 2026-06-15 16:50:13,186 basehttp "GET /api/leaderboard/weekly/ HTTP/1.1" 200 1782
[INFO] 2026-06-15 16:50:13,643 basehttp "GET /api/leaderboard/monthly/ HTTP/1.1" 200 1783
[INFO] 2026-06-15 16:50:13,863 basehttp "GET /api/leaderboard/alltime/ HTTP/1.1" 200 1783
[INFO] 2026-06-15 16:50:15,003 basehttp "GET /api/leaderboard/monthly/ HTTP/1.1" 200 1783
[INFO] 2026-06-15 16:50:15,837 basehttp "GET /api/leaderboard/alltime/ HTTP/1.1" 200 1783
[INFO] 2026-06-15 16:50:16,322 basehttp "GET /api/leaderboard/monthly/ HTTP/1.1" 200 1783
[INFO] 2026-06-15 16:50:16,745 basehttp "GET /api/leaderboard/alltime/ HTTP/1.1" 200 1783
[INFO] 2026-06-15 16:50:17,458 basehttp "GET /api/leaderboard/monthly/ HTTP/1.1" 200 1783
[INFO] 2026-06-15 16:50:17,720 basehttp "GET /api/leaderboard/alltime/ HTTP/1.1" 200 1783
[INFO] 2026-06-15 16:50:22,954 basehttp "GET /api/leaderboard/monthly/ HTTP/1.1" 200 1783
[INFO] 2026-06-15 16:50:23,179 basehttp "GET /api/leaderboard/monthly/ HTTP/1.1" 200 1783
[INFO] 2026-06-15 16:50:23,494 basehttp "GET /api/leaderboard/weekly/ HTTP/1.1" 200 1782
[INFO] 2026-06-15 16:50:23,833 basehttp "GET /api/leaderboard/daily/ HTTP/1.1" 200 1781
[INFO] 2026-06-15 16:50:24,691 basehttp "GET /api/checkin/today_status/ HTTP/1.1" 200 283
[INFO] 2026-06-15 16:50:24,692 basehttp "GET /api/checkin/streak/ HTTP/1.1" 200 119
[INFO] 2026-06-15 16:50:24,693 basehttp "GET /api/checkin/calendar/?year=2026&month=6 HTTP/1.1" 200 104
[INFO] 2026-06-15 16:50:26,386 basehttp "GET /api/users/profile/ HTTP/1.1" 200 349
[INFO] 2026-06-15 16:50:26,393 basehttp "GET /api/checkin/today_status/ HTTP/1.1" 200 283
[INFO] 2026-06-15 16:50:26,402 basehttp "GET /api/words/daily_words/?count=5 HTTP/1.1" 200 1618
[INFO] 2026-06-15 16:54:20,157 autoreload D:\毕业设计\backend\apps\words\views.py changed, reloading.
[INFO] 2026-06-15 16:54:20,665 autoreload D:\毕业设计\backend\apps\words\views.py changed, reloading.
[INFO] 2026-06-15 16:54:21,024 autoreload D:\毕业设计\backend\apps\words\views.py changed, reloading.
[INFO] 2026-06-15 16:54:21,223 autoreload D:\毕业设计\backend\apps\words\views.py changed, reloading.
[INFO] 2026-06-15 16:54:21,469 autoreload Watching for file changes with StatReloader
[INFO] 2026-06-15 16:54:21,934 autoreload Watching for file changes with StatReloader
[INFO] 2026-06-15 16:54:22,291 autoreload Watching for file changes with StatReloader
[INFO] 2026-06-15 16:54:22,498 autoreload Watching for file changes with StatReloader
[INFO] 2026-06-15 16:54:28,397 autoreload D:\毕业设计\backend\apps\words\views.py changed, reloading.
[INFO] 2026-06-15 16:54:28,510 autoreload D:\毕业设计\backend\apps\words\views.py changed, reloading.
[INFO] 2026-06-15 16:54:28,923 autoreload D:\毕业设计\backend\apps\words\views.py changed, reloading.
[INFO] 2026-06-15 16:54:29,277 autoreload D:\毕业设计\backend\apps\words\views.py changed, reloading.
[INFO] 2026-06-15 16:54:29,652 autoreload Watching for file changes with StatReloader
[INFO] 2026-06-15 16:54:29,740 autoreload Watching for file changes with StatReloader
[INFO] 2026-06-15 16:54:30,157 autoreload Watching for file changes with StatReloader
[INFO] 2026-06-15 16:54:30,538 autoreload Watching for file changes with StatReloader
[INFO] 2026-06-15 16:54:56,490 basehttp "GET /api/users/profile/ HTTP/1.1" 200 349
[INFO] 2026-06-15 16:54:56,491 basehttp "GET /api/checkin/today_status/ HTTP/1.1" 200 283
[INFO] 2026-06-15 16:54:56,503 basehttp "GET /api/words/daily_words/?count=5 HTTP/1.1" 200 1635
[INFO] 2026-06-15 16:54:56,511 basehttp "GET /api/users/profile/ HTTP/1.1" 200 349
[INFO] 2026-06-15 16:54:56,513 basehttp "GET /api/checkin/today_status/ HTTP/1.1" 200 283
[INFO] 2026-06-15 16:54:56,530 basehttp "GET /api/words/daily_words/?count=5 HTTP/1.1" 200 1605
[INFO] 2026-06-15 16:57:32,627 autoreload Watching for file changes with StatReloader
[WARNING] 2026-06-15 16:57:39,524 log Not Found: /
[WARNING] 2026-06-15 16:57:39,526 basehttp "GET / HTTP/1.1" 404 2516
[WARNING] 2026-06-15 16:57:50,485 log Unauthorized: /api/words/categories/
[WARNING] 2026-06-15 16:57:50,486 basehttp "GET /api/words/categories/ HTTP/1.1" 401 67
[WARNING] 2026-06-15 16:57:51,852 log Unauthorized: /api/words/
[WARNING] 2026-06-15 16:57:51,853 basehttp "GET /api/words/?category=CET-6&page_size=3 HTTP/1.1" 401 67
[WARNING] 2026-06-15 21:21:15,910 log Unauthorized: /api/words/9/
[WARNING] 2026-06-15 21:21:15,913 basehttp "GET /api/words/9/ HTTP/1.1" 401 53
[WARNING] 2026-06-15 21:21:29,403 log Unauthorized: /api/users/profile/
[WARNING] 2026-06-15 21:21:29,407 log Unauthorized: /api/words/daily_words/
[WARNING] 2026-06-15 21:21:29,410 log Unauthorized: /api/checkin/today_status/
[WARNING] 2026-06-15 21:21:29,410 basehttp "GET /api/users/profile/ HTTP/1.1" 401 67
[WARNING] 2026-06-15 21:21:29,410 basehttp "GET /api/words/daily_words/?count=5 HTTP/1.1" 401 67
[WARNING] 2026-06-15 21:21:29,411 basehttp "GET /api/checkin/today_status/ HTTP/1.1" 401 67
[WARNING] 2026-06-15 21:21:29,413 log Unauthorized: /api/users/profile/
[WARNING] 2026-06-15 21:21:29,415 log Unauthorized: /api/words/daily_words/
[WARNING] 2026-06-15 21:21:29,416 basehttp "GET /api/users/profile/ HTTP/1.1" 401 67
[WARNING] 2026-06-15 21:21:29,416 basehttp "GET /api/words/daily_words/?count=5 HTTP/1.1" 401 67
[WARNING] 2026-06-15 21:21:29,420 log Unauthorized: /api/checkin/today_status/
[WARNING] 2026-06-15 21:21:29,422 basehttp "GET /api/checkin/today_status/ HTTP/1.1" 401 67
[WARNING] 2026-06-15 21:21:35,036 views 微信登录失败: {'errcode': 40013, 'errmsg': 'invalid appid, rid: 6a2ffc5e-51051235-30d0f4f4'}
[INFO] 2026-06-15 21:21:35,072 basehttp "POST /api/auth/wechat-login/ HTTP/1.1" 200 987
[INFO] 2026-06-15 21:21:36,555 basehttp "GET /api/users/profile/ HTTP/1.1" 200 350
[INFO] 2026-06-15 21:21:36,555 basehttp "GET /api/checkin/today_status/ HTTP/1.1" 200 80
[INFO] 2026-06-15 21:21:36,574 basehttp "GET /api/users/profile/ HTTP/1.1" 200 350
[INFO] 2026-06-15 21:21:36,575 basehttp "GET /api/checkin/today_status/ HTTP/1.1" 200 80
[INFO] 2026-06-15 21:21:36,576 basehttp "GET /api/words/daily_words/?count=5 HTTP/1.1" 200 1681
[INFO] 2026-06-15 21:21:36,596 basehttp "GET /api/words/daily_words/?count=5 HTTP/1.1" 200 1639
[INFO] 2026-06-15 21:24:08,268 basehttp "GET /api/users/profile/ HTTP/1.1" 200 350
[INFO] 2026-06-15 21:24:08,273 basehttp "GET /api/checkin/today_status/ HTTP/1.1" 200 80
[INFO] 2026-06-15 21:24:08,286 basehttp "GET /api/checkin/today_status/ HTTP/1.1" 200 80
[INFO] 2026-06-15 21:24:08,289 basehttp "GET /api/words/daily_words/?count=5 HTTP/1.1" 200 1645
[INFO] 2026-06-15 21:24:08,312 basehttp "GET /api/users/profile/ HTTP/1.1" 200 350
[INFO] 2026-06-15 21:24:08,317 basehttp "GET /api/words/daily_words/?count=5 HTTP/1.1" 200 1678
[INFO] 2026-06-15 22:32:03,794 basehttp "GET /api/checkin/today_status/ HTTP/1.1" 200 80
[INFO] 2026-06-15 22:32:03,794 basehttp "GET /api/users/profile/ HTTP/1.1" 200 350
[INFO] 2026-06-15 22:32:03,807 basehttp "GET /api/checkin/today_status/ HTTP/1.1" 200 80
[INFO] 2026-06-15 22:32:03,810 basehttp "GET /api/words/daily_words/?count=5 HTTP/1.1" 200 1682
[INFO] 2026-06-15 22:32:03,815 basehttp "GET /api/users/profile/ HTTP/1.1" 200 350
[INFO] 2026-06-15 22:32:03,835 basehttp "GET /api/words/daily_words/?count=5 HTTP/1.1" 200 1728
[INFO] 2026-06-15 22:32:07,994 basehttp "GET /api/users/profile/ HTTP/1.1" 200 350
[INFO] 2026-06-15 22:32:08,004 basehttp "GET /api/checkin/today_status/ HTTP/1.1" 200 80
[INFO] 2026-06-15 22:32:08,012 basehttp "GET /api/users/profile/ HTTP/1.1" 200 350
[INFO] 2026-06-15 22:32:08,014 basehttp "GET /api/words/daily_words/?count=5 HTTP/1.1" 200 1672
[INFO] 2026-06-15 22:32:08,016 basehttp "GET /api/checkin/today_status/ HTTP/1.1" 200 80
[INFO] 2026-06-15 22:32:08,066 basehttp "GET /api/words/daily_words/?count=5 HTTP/1.1" 200 1693
[INFO] 2026-06-15 22:32:10,152 basehttp "GET /api/words/12/ HTTP/1.1" 200 349
[INFO] 2026-06-15 22:32:17,331 basehttp "POST /api/words/mark_learned/ HTTP/1.1" 200 321
[INFO] 2026-06-15 22:32:21,180 basehttp "POST /api/words/unmark_learned/ HTTP/1.1" 200 93
[INFO] 2026-06-15 22:32:22,668 basehttp "POST /api/words/mark_learned/ HTTP/1.1" 200 307
[INFO] 2026-06-15 22:32:23,906 basehttp "POST /api/words/unmark_learned/ HTTP/1.1" 200 93
[INFO] 2026-06-15 22:32:26,074 basehttp "POST /api/words/mark_learned/ HTTP/1.1" 200 307
[INFO] 2026-06-15 22:32:28,106 basehttp "POST /api/words/unmark_learned/ HTTP/1.1" 200 93
[INFO] 2026-06-15 22:32:35,333 basehttp "GET /api/users/profile/ HTTP/1.1" 200 350
[INFO] 2026-06-15 22:32:35,340 basehttp "GET /api/checkin/today_status/ HTTP/1.1" 200 80
[INFO] 2026-06-15 22:32:35,345 basehttp "GET /api/words/daily_words/?count=5 HTTP/1.1" 200 1698
[INFO] 2026-06-15 22:32:36,947 basehttp "GET /api/words/3/ HTTP/1.1" 200 345
[INFO] 2026-06-15 22:32:41,313 basehttp "GET /api/users/profile/ HTTP/1.1" 200 350
[INFO] 2026-06-15 22:32:41,318 basehttp "GET /api/checkin/today_status/ HTTP/1.1" 200 80
[INFO] 2026-06-15 22:32:41,324 basehttp "GET /api/words/daily_words/?count=5 HTTP/1.1" 200 1658
[INFO] 2026-06-15 22:32:42,537 basehttp "GET /api/words/categories/ HTTP/1.1" 200 57
[INFO] 2026-06-15 22:32:42,575 basehttp "GET /api/words/?page=1&page_size=20 HTTP/1.1" 200 6512
[INFO] 2026-06-15 22:32:43,884 basehttp "GET /api/words/?page=1&page_size=20&category=CET-4 HTTP/1.1" 200 6526
[INFO] 2026-06-15 22:32:44,532 basehttp "GET /api/words/?page=1&page_size=20&category=CET-6 HTTP/1.1" 200 6820
[INFO] 2026-06-15 22:32:45,291 basehttp "GET /api/words/?page=1&page_size=20&category=CET-4 HTTP/1.1" 200 6526
[INFO] 2026-06-15 22:32:45,763 basehttp "GET /api/words/?page=1&page_size=20&category=CET-6 HTTP/1.1" 200 6820
[INFO] 2026-06-15 22:32:47,341 basehttp "GET /api/words/?page=1&page_size=20&category=CET-4 HTTP/1.1" 200 6526
[INFO] 2026-06-15 22:32:47,654 basehttp "GET /api/words/?page=1&page_size=20&category=CET-6 HTTP/1.1" 200 6820
[INFO] 2026-06-15 22:32:48,284 basehttp "GET /api/words/?page=1&page_size=20 HTTP/1.1" 200 6512
[INFO] 2026-06-15 22:32:48,972 basehttp "GET /api/words/?page=1&page_size=20&category=CET-4 HTTP/1.1" 200 6526
[INFO] 2026-06-15 22:32:49,403 basehttp "GET /api/words/?page=1&page_size=20&category=CET-6 HTTP/1.1" 200 6820
[INFO] 2026-06-15 22:32:49,867 basehttp "GET /api/words/?page=1&page_size=20&category=CET-4 HTTP/1.1" 200 6526
[INFO] 2026-06-15 22:32:50,214 basehttp "GET /api/words/?page=1&page_size=20 HTTP/1.1" 200 6512
[INFO] 2026-06-15 22:32:53,134 basehttp "GET /api/words/?page=2&page_size=20 HTTP/1.1" 200 6598
[INFO] 2026-06-15 22:32:55,419 basehttp "GET /api/words/?page=3&page_size=20 HTTP/1.1" 200 6703
[INFO] 2026-06-15 22:33:01,910 basehttp "GET /api/words/?page=1&page_size=20&category=CET-6 HTTP/1.1" 200 6820
[INFO] 2026-06-15 22:33:03,152 basehttp "GET /api/words/?page=1&page_size=20 HTTP/1.1" 200 6512
[INFO] 2026-06-15 22:33:07,857 basehttp "GET /api/words/?page=1&page_size=20&search=abolish HTTP/1.1" 200 424
[INFO] 2026-06-15 22:33:09,378 basehttp "GET /api/words/?page=1&page_size=20&search=abolish HTTP/1.1" 200 424
[INFO] 2026-06-15 22:33:10,506 basehttp "GET /api/words/51/ HTTP/1.1" 200 372
[INFO] 2026-06-15 22:33:15,045 basehttp "POST /api/words/mark_learned/ HTTP/1.1" 200 318
[INFO] 2026-06-15 22:33:15,046 basehttp "POST /api/words/mark_learned/ HTTP/1.1" 200 304
[INFO] 2026-06-15 22:33:15,046 basehttp "POST /api/words/mark_learned/ HTTP/1.1" 200 304
[INFO] 2026-06-15 22:33:16,294 basehttp "POST /api/words/mark_learned/ HTTP/1.1" 200 304
[INFO] 2026-06-15 22:33:17,861 basehttp "POST /api/words/unmark_learned/ HTTP/1.1" 200 93
[INFO] 2026-06-15 22:33:18,792 basehttp "POST /api/words/mark_learned/ HTTP/1.1" 200 304
[INFO] 2026-06-15 22:33:19,719 basehttp "POST /api/words/mark_learned/ HTTP/1.1" 200 304
[INFO] 2026-06-15 22:33:20,689 basehttp "POST /api/words/unmark_learned/ HTTP/1.1" 200 93
[INFO] 2026-06-15 22:33:23,038 basehttp "GET /api/words/?page=1&page_size=20&search=abolish HTTP/1.1" 200 424
[INFO] 2026-06-15 22:33:23,538 basehttp "GET /api/users/profile/ HTTP/1.1" 200 350
[INFO] 2026-06-15 22:33:23,556 basehttp "GET /api/words/daily_words/?count=5 HTTP/1.1" 200 1666
[INFO] 2026-06-15 22:33:23,556 basehttp "GET /api/checkin/today_status/ HTTP/1.1" 200 80
[INFO] 2026-06-15 22:33:27,112 basehttp "GET /api/users/profile/ HTTP/1.1" 200 350
[INFO] 2026-06-15 22:33:31,525 basehttp "GET /api/users/stats/ HTTP/1.1" 200 154
[INFO] 2026-06-15 22:33:31,526 basehttp "GET /api/checkin/records/ HTTP/1.1" 200 42
[INFO] 2026-06-15 22:33:33,746 basehttp "GET /api/users/profile/ HTTP/1.1" 200 350
[INFO] 2026-06-15 22:33:34,834 basehttp "GET /api/leaderboard/daily/ HTTP/1.1" 200 2034
[INFO] 2026-06-15 22:33:35,572 basehttp "GET /api/checkin/today_status/ HTTP/1.1" 200 80
[INFO] 2026-06-15 22:33:35,578 basehttp "GET /api/checkin/calendar/?year=2026&month=6 HTTP/1.1" 200 92
[INFO] 2026-06-15 22:33:35,578 basehttp "GET /api/checkin/streak/ HTTP/1.1" 200 120
[INFO] 2026-06-15 22:33:37,404 basehttp "POST /api/checkin/do_checkin/ HTTP/1.1" 200 350
[INFO] 2026-06-15 22:33:37,434 basehttp "GET /api/checkin/calendar/?year=2026&month=6 HTTP/1.1" 200 104
[INFO] 2026-06-15 22:33:38,643 basehttp "GET /api/users/profile/ HTTP/1.1" 200 350
[INFO] 2026-06-15 22:33:38,649 basehttp "GET /api/checkin/today_status/ HTTP/1.1" 200 284
[INFO] 2026-06-15 22:33:38,653 basehttp "GET /api/words/daily_words/?count=5 HTTP/1.1" 200 1694
[INFO] 2026-06-15 22:33:45,145 basehttp "GET /api/words/categories/ HTTP/1.1" 200 57
[INFO] 2026-06-15 22:33:45,183 basehttp "GET /api/words/?page=1&page_size=20 HTTP/1.1" 200 6512
[INFO] 2026-06-15 22:33:46,962 basehttp "GET /api/users/profile/ HTTP/1.1" 200 350
[INFO] 2026-06-15 22:33:46,965 basehttp "GET /api/checkin/today_status/ HTTP/1.1" 200 284
[INFO] 2026-06-15 22:33:46,973 basehttp "GET /api/words/daily_words/?count=5 HTTP/1.1" 200 1679
[INFO] 2026-06-15 22:33:47,856 basehttp "GET /api/checkin/today_status/ HTTP/1.1" 200 284
[INFO] 2026-06-15 22:33:47,862 basehttp "GET /api/checkin/calendar/?year=2026&month=6 HTTP/1.1" 200 104
[INFO] 2026-06-15 22:33:47,864 basehttp "GET /api/checkin/streak/ HTTP/1.1" 200 119
[INFO] 2026-06-15 22:33:49,469 basehttp "GET /api/users/profile/ HTTP/1.1" 200 350
[INFO] 2026-06-15 22:33:49,471 basehttp "GET /api/checkin/today_status/ HTTP/1.1" 200 284
[INFO] 2026-06-15 22:33:49,477 basehttp "GET /api/words/daily_words/?count=5 HTTP/1.1" 200 1688
[INFO] 2026-06-15 22:33:50,462 basehttp "GET /api/words/categories/ HTTP/1.1" 200 57
[INFO] 2026-06-15 22:33:50,496 basehttp "GET /api/words/?page=1&page_size=20 HTTP/1.1" 200 6512
[INFO] 2026-06-15 22:33:55,492 basehttp "GET /api/users/profile/ HTTP/1.1" 200 350
[INFO] 2026-06-15 22:33:55,493 basehttp "GET /api/checkin/today_status/ HTTP/1.1" 200 284
[INFO] 2026-06-15 22:33:55,496 basehttp "GET /api/words/daily_words/?count=5 HTTP/1.1" 200 1658
[INFO] 2026-06-15 22:33:57,344 basehttp "GET /api/checkin/today_status/ HTTP/1.1" 200 284
[INFO] 2026-06-15 22:33:57,350 basehttp "GET /api/checkin/calendar/?year=2026&month=6 HTTP/1.1" 200 104
[INFO] 2026-06-15 22:33:57,350 basehttp "GET /api/checkin/streak/ HTTP/1.1" 200 119
[INFO] 2026-06-15 22:33:57,791 basehttp "GET /api/users/profile/ HTTP/1.1" 200 350
[INFO] 2026-06-15 22:33:57,791 basehttp "GET /api/checkin/today_status/ HTTP/1.1" 200 284
[INFO] 2026-06-15 22:33:57,795 basehttp "GET /api/words/daily_words/?count=5 HTTP/1.1" 200 1770
[INFO] 2026-06-15 22:34:00,792 basehttp "GET /api/users/profile/ HTTP/1.1" 200 350
[INFO] 2026-06-15 22:34:00,798 basehttp "GET /api/checkin/today_status/ HTTP/1.1" 200 284
[INFO] 2026-06-15 22:34:00,802 basehttp "GET /api/words/daily_words/?count=5 HTTP/1.1" 200 1731
[INFO] 2026-06-15 22:34:02,068 basehttp "GET /api/users/stats/ HTTP/1.1" 200 153
[INFO] 2026-06-15 22:34:02,069 basehttp "GET /api/checkin/records/ HTTP/1.1" 200 251
[INFO] 2026-06-15 22:34:05,963 basehttp "GET /api/users/profile/ HTTP/1.1" 200 350
[INFO] 2026-06-15 22:34:05,969 basehttp "GET /api/checkin/today_status/ HTTP/1.1" 200 284
[INFO] 2026-06-15 22:34:05,973 basehttp "GET /api/words/daily_words/?count=5 HTTP/1.1" 200 1747
[INFO] 2026-06-15 22:34:30,493 basehttp "GET /api/checkin/today_status/ HTTP/1.1" 200 284
[INFO] 2026-06-15 22:34:30,493 basehttp "GET /api/checkin/streak/ HTTP/1.1" 200 119
[INFO] 2026-06-15 22:34:30,495 basehttp "GET /api/checkin/calendar/?year=2026&month=6 HTTP/1.1" 200 104
[INFO] 2026-06-15 22:34:35,520 basehttp "GET /api/users/profile/ HTTP/1.1" 200 350
[INFO] 2026-06-15 22:34:36,595 basehttp "GET /api/checkin/today_status/ HTTP/1.1" 200 284
[INFO] 2026-06-15 22:34:36,596 basehttp "GET /api/checkin/streak/ HTTP/1.1" 200 119
[INFO] 2026-06-15 22:34:36,597 basehttp "GET /api/checkin/calendar/?year=2026&month=6 HTTP/1.1" 200 104
[INFO] 2026-06-15 22:34:37,310 basehttp "GET /api/users/profile/ HTTP/1.1" 200 350
[INFO] 2026-06-15 22:34:38,079 basehttp "GET /api/users/profile/ HTTP/1.1" 200 350
[INFO] 2026-06-15 22:34:39,431 basehttp "GET /api/checkin/today_status/ HTTP/1.1" 200 284
[INFO] 2026-06-15 22:34:39,436 basehttp "GET /api/checkin/streak/ HTTP/1.1" 200 119
[INFO] 2026-06-15 22:34:39,440 basehttp "GET /api/checkin/calendar/?year=2026&month=6 HTTP/1.1" 200 104
[INFO] 2026-06-15 22:34:39,964 basehttp "GET /api/users/profile/ HTTP/1.1" 200 350
[INFO] 2026-06-15 22:34:41,873 basehttp "GET /api/users/profile/ HTTP/1.1" 200 350
[INFO] 2026-06-15 22:34:42,139 basehttp "GET /api/checkin/today_status/ HTTP/1.1" 200 284
[INFO] 2026-06-15 22:34:42,140 basehttp "GET /api/checkin/streak/ HTTP/1.1" 200 119
[INFO] 2026-06-15 22:34:42,142 basehttp "GET /api/checkin/calendar/?year=2026&month=6 HTTP/1.1" 200 104
[INFO] 2026-06-15 22:34:42,549 basehttp "GET /api/users/profile/ HTTP/1.1" 200 350
[INFO] 2026-06-15 22:34:42,555 basehttp "GET /api/checkin/today_status/ HTTP/1.1" 200 284
[INFO] 2026-06-15 22:34:42,557 basehttp "GET /api/words/daily_words/?count=5 HTTP/1.1" 200 1673
[INFO] 2026-06-15 22:34:45,323 basehttp "GET /api/words/95/ HTTP/1.1" 200 370
[INFO] 2026-06-15 22:34:46,626 basehttp "POST /api/words/mark_learned/ HTTP/1.1" 200 319
[INFO] 2026-06-15 22:34:47,525 basehttp "POST /api/words/mark_learned/ HTTP/1.1" 200 305
[INFO] 2026-06-15 22:34:49,138 basehttp "POST /api/words/unmark_learned/ HTTP/1.1" 200 93
[INFO] 2026-06-15 22:34:49,690 basehttp "POST /api/words/mark_learned/ HTTP/1.1" 200 305
[INFO] 2026-06-15 22:34:50,165 basehttp "POST /api/words/mark_learned/ HTTP/1.1" 200 305
[INFO] 2026-06-15 22:34:51,209 basehttp "POST /api/words/unmark_learned/ HTTP/1.1" 200 93
[INFO] 2026-06-15 22:34:52,126 basehttp "GET /api/users/profile/ HTTP/1.1" 200 350
[INFO] 2026-06-15 22:34:52,128 basehttp "GET /api/checkin/today_status/ HTTP/1.1" 200 284
[INFO] 2026-06-15 22:34:52,132 basehttp "GET /api/words/daily_words/?count=5 HTTP/1.1" 200 1701
[INFO] 2026-06-15 22:40:03,022 basehttp "GET /api/users/profile/ HTTP/1.1" 200 350
[INFO] 2026-06-15 22:40:03,039 basehttp "GET /api/checkin/today_status/ HTTP/1.1" 200 284
[INFO] 2026-06-15 22:40:03,049 basehttp "GET /api/users/profile/ HTTP/1.1" 200 350
[INFO] 2026-06-15 22:40:03,057 basehttp "GET /api/checkin/today_status/ HTTP/1.1" 200 284
[INFO] 2026-06-15 22:40:03,057 basehttp "GET /api/words/daily_words/?count=5 HTTP/1.1" 200 1696
[INFO] 2026-06-15 22:40:03,120 basehttp "GET /api/words/daily_words/?count=5 HTTP/1.1" 200 1654
[INFO] 2026-06-15 22:41:10,941 basehttp "GET /api/words/27/ HTTP/1.1" 200 351
[INFO] 2026-06-15 22:41:23,995 basehttp "GET /api/users/profile/ HTTP/1.1" 200 350
[INFO] 2026-06-15 22:41:24,009 basehttp "GET /api/checkin/today_status/ HTTP/1.1" 200 284
[INFO] 2026-06-15 22:41:24,015 basehttp "GET /api/words/daily_words/?count=5 HTTP/1.1" 200 1723
[INFO] 2026-06-15 22:41:25,477 basehttp "GET /api/words/31/ HTTP/1.1" 200 362
[INFO] 2026-06-15 22:41:31,008 basehttp "GET /api/users/profile/ HTTP/1.1" 200 350
[INFO] 2026-06-15 22:41:31,009 basehttp "GET /api/checkin/today_status/ HTTP/1.1" 200 284
[INFO] 2026-06-15 22:41:31,012 basehttp "GET /api/words/daily_words/?count=5 HTTP/1.1" 200 1694
[INFO] 2026-06-15 22:41:32,764 basehttp "GET /api/words/39/ HTTP/1.1" 200 348
[INFO] 2026-06-15 22:41:36,891 basehttp "GET /api/users/profile/ HTTP/1.1" 200 350
[INFO] 2026-06-15 22:41:36,898 basehttp "GET /api/checkin/today_status/ HTTP/1.1" 200 284
[INFO] 2026-06-15 22:41:36,904 basehttp "GET /api/words/daily_words/?count=5 HTTP/1.1" 200 1686
[INFO] 2026-06-15 22:41:38,776 basehttp "GET /api/words/66/ HTTP/1.1" 200 382
[INFO] 2026-06-15 22:41:41,453 basehttp "GET /api/users/profile/ HTTP/1.1" 200 350
[INFO] 2026-06-15 22:41:41,459 basehttp "GET /api/checkin/today_status/ HTTP/1.1" 200 284
[INFO] 2026-06-15 22:41:41,464 basehttp "GET /api/words/daily_words/?count=5 HTTP/1.1" 200 1658
[INFO] 2026-06-15 22:41:44,782 basehttp "GET /api/checkin/today_status/ HTTP/1.1" 200 284
[INFO] 2026-06-15 22:41:44,786 basehttp "GET /api/checkin/calendar/?year=2026&month=6 HTTP/1.1" 200 104
[INFO] 2026-06-15 22:41:44,787 basehttp "GET /api/checkin/streak/ HTTP/1.1" 200 119
[INFO] 2026-06-15 22:41:45,920 basehttp "GET /api/users/profile/ HTTP/1.1" 200 350
[INFO] 2026-06-15 22:41:45,922 basehttp "GET /api/checkin/today_status/ HTTP/1.1" 200 284
[INFO] 2026-06-15 22:41:45,924 basehttp "GET /api/words/daily_words/?count=5 HTTP/1.1" 200 1651
[INFO] 2026-06-15 22:41:51,057 basehttp "GET /api/checkin/today_status/ HTTP/1.1" 200 284
[INFO] 2026-06-15 22:41:51,063 basehttp "GET /api/checkin/calendar/?year=2026&month=6 HTTP/1.1" 200 104
[INFO] 2026-06-15 22:41:51,063 basehttp "GET /api/checkin/streak/ HTTP/1.1" 200 119
[INFO] 2026-06-15 22:41:51,277 basehttp "GET /api/leaderboard/daily/ HTTP/1.1" 200 2033
[INFO] 2026-06-15 22:42:06,877 basehttp "GET /api/users/profile/ HTTP/1.1" 200 350
[INFO] 2026-06-15 22:42:06,885 basehttp "GET /api/checkin/today_status/ HTTP/1.1" 200 284
[INFO] 2026-06-15 22:42:06,896 basehttp "GET /api/users/profile/ HTTP/1.1" 200 350
[INFO] 2026-06-15 22:42:06,899 basehttp "GET /api/words/daily_words/?count=5 HTTP/1.1" 200 1647
[INFO] 2026-06-15 22:42:06,900 basehttp "GET /api/checkin/today_status/ HTTP/1.1" 200 284
[INFO] 2026-06-15 22:42:06,918 basehttp "GET /api/words/daily_words/?count=5 HTTP/1.1" 200 1690
[INFO] 2026-06-15 22:42:08,147 basehttp "GET /api/users/profile/ HTTP/1.1" 200 350
[INFO] 2026-06-15 22:42:09,816 basehttp "GET /api/leaderboard/daily/ HTTP/1.1" 200 2033
[INFO] 2026-06-15 22:42:10,601 basehttp "GET /api/users/profile/ HTTP/1.1" 200 350
[INFO] 2026-06-15 22:42:11,770 basehttp "GET /api/users/profile/ HTTP/1.1" 200 350
[INFO] 2026-06-15 22:42:12,733 basehttp "GET /api/users/profile/ HTTP/1.1" 200 350
[INFO] 2026-06-15 22:42:13,679 basehttp "GET /api/checkin/today_status/ HTTP/1.1" 200 284
[INFO] 2026-06-15 22:42:13,680 basehttp "GET /api/checkin/streak/ HTTP/1.1" 200 119
[INFO] 2026-06-15 22:42:13,680 basehttp "GET /api/checkin/calendar/?year=2026&month=6 HTTP/1.1" 200 104
[INFO] 2026-06-15 22:42:15,475 basehttp "GET /api/users/profile/ HTTP/1.1" 200 350
[INFO] 2026-06-15 22:42:15,483 basehttp "GET /api/checkin/today_status/ HTTP/1.1" 200 284
[INFO] 2026-06-15 22:42:15,487 basehttp "GET /api/words/daily_words/?count=5 HTTP/1.1" 200 1714
[INFO] 2026-06-15 22:42:51,348 basehttp "GET /api/words/36/ HTTP/1.1" 200 351
[INFO] 2026-06-15 22:42:59,176 basehttp "GET /api/users/profile/ HTTP/1.1" 200 350
[INFO] 2026-06-15 22:42:59,183 basehttp "GET /api/checkin/today_status/ HTTP/1.1" 200 284
[INFO] 2026-06-15 22:42:59,188 basehttp "GET /api/words/daily_words/?count=5 HTTP/1.1" 200 1709
[INFO] 2026-06-15 22:45:43,442 basehttp "GET /api/users/profile/ HTTP/1.1" 200 350
[INFO] 2026-06-15 22:45:43,456 basehttp "GET /api/checkin/today_status/ HTTP/1.1" 200 284
[INFO] 2026-06-15 22:45:43,467 basehttp "GET /api/users/profile/ HTTP/1.1" 200 350
[INFO] 2026-06-15 22:45:43,471 basehttp "GET /api/words/daily_words/?count=5 HTTP/1.1" 200 1684
[INFO] 2026-06-15 22:45:43,475 basehttp "GET /api/checkin/today_status/ HTTP/1.1" 200 284
[INFO] 2026-06-15 22:45:43,498 basehttp "GET /api/words/daily_words/?count=5 HTTP/1.1" 200 1714
[INFO] 2026-06-15 22:45:52,543 basehttp "GET /api/users/profile/ HTTP/1.1" 200 350
[INFO] 2026-06-15 22:45:52,563 basehttp "GET /api/checkin/today_status/ HTTP/1.1" 200 284
[INFO] 2026-06-15 22:45:52,573 basehttp "GET /api/users/profile/ HTTP/1.1" 200 350
[INFO] 2026-06-15 22:45:52,577 basehttp "GET /api/words/daily_words/?count=5 HTTP/1.1" 200 1705
[INFO] 2026-06-15 22:45:52,581 basehttp "GET /api/checkin/today_status/ HTTP/1.1" 200 284
[INFO] 2026-06-15 22:45:52,631 basehttp "GET /api/words/daily_words/?count=5 HTTP/1.1" 200 1701
[INFO] 2026-06-15 22:46:09,187 basehttp "GET /api/users/profile/ HTTP/1.1" 200 350
[INFO] 2026-06-15 22:46:09,221 basehttp "GET /api/checkin/today_status/ HTTP/1.1" 200 284
[INFO] 2026-06-15 22:46:09,222 basehttp "GET /api/users/profile/ HTTP/1.1" 200 350
[INFO] 2026-06-15 22:46:09,222 basehttp "GET /api/words/daily_words/?count=5 HTTP/1.1" 200 1713
[INFO] 2026-06-15 22:46:09,230 basehttp "GET /api/checkin/today_status/ HTTP/1.1" 200 284
[INFO] 2026-06-15 22:46:09,250 basehttp "GET /api/words/daily_words/?count=5 HTTP/1.1" 200 1650
[INFO] 2026-06-15 22:47:15,314 basehttp "GET /api/words/20/ HTTP/1.1" 200 364
[INFO] 2026-06-15 22:47:23,980 basehttp "POST /api/words/mark_learned/ HTTP/1.1" 200 326
[INFO] 2026-06-15 22:47:24,658 basehttp "POST /api/words/mark_learned/ HTTP/1.1" 200 312
[INFO] 2026-06-15 22:47:25,790 basehttp "POST /api/words/unmark_learned/ HTTP/1.1" 200 93
[INFO] 2026-06-15 22:47:27,190 basehttp "POST /api/words/mark_learned/ HTTP/1.1" 200 312
[INFO] 2026-06-15 22:47:28,411 basehttp "GET /api/users/profile/ HTTP/1.1" 200 350
[INFO] 2026-06-15 22:47:28,418 basehttp "GET /api/checkin/today_status/ HTTP/1.1" 200 284
[INFO] 2026-06-15 22:47:28,423 basehttp "GET /api/words/daily_words/?count=5 HTTP/1.1" 200 1653
[INFO] 2026-06-15 22:47:32,772 basehttp "GET /api/words/18/ HTTP/1.1" 200 362
[INFO] 2026-06-15 22:47:34,029 basehttp "POST /api/words/mark_learned/ HTTP/1.1" 200 328
[INFO] 2026-06-15 22:47:34,718 basehttp "POST /api/words/mark_learned/ HTTP/1.1" 200 314
[INFO] 2026-06-15 22:47:36,001 basehttp "GET /api/users/profile/ HTTP/1.1" 200 350
[INFO] 2026-06-15 22:47:36,008 basehttp "GET /api/checkin/today_status/ HTTP/1.1" 200 284
[INFO] 2026-06-15 22:47:36,015 basehttp "GET /api/words/daily_words/?count=5 HTTP/1.1" 200 1666
[INFO] 2026-06-15 22:47:37,572 basehttp "GET /api/words/11/ HTTP/1.1" 200 354
[INFO] 2026-06-15 22:47:38,947 basehttp "POST /api/words/mark_learned/ HTTP/1.1" 200 321
[INFO] 2026-06-15 22:47:43,898 basehttp "GET /api/users/profile/ HTTP/1.1" 200 350
[INFO] 2026-06-15 22:47:43,898 basehttp "GET /api/checkin/today_status/ HTTP/1.1" 200 284
[INFO] 2026-06-15 22:47:43,903 basehttp "GET /api/words/daily_words/?count=5 HTTP/1.1" 200 1680
[INFO] 2026-06-15 22:47:46,024 basehttp "GET /api/words/70/ HTTP/1.1" 200 396
[INFO] 2026-06-15 22:47:47,113 basehttp "POST /api/words/mark_learned/ HTTP/1.1" 200 342
[INFO] 2026-06-15 22:47:53,001 basehttp "GET /api/users/profile/ HTTP/1.1" 200 350
[INFO] 2026-06-15 22:47:53,015 basehttp "GET /api/checkin/today_status/ HTTP/1.1" 200 284
[INFO] 2026-06-15 22:47:53,016 basehttp "GET /api/words/daily_words/?count=5 HTTP/1.1" 200 1685
[INFO] 2026-06-15 22:47:54,596 basehttp "GET /api/words/72/ HTTP/1.1" 200 371
[INFO] 2026-06-15 22:47:57,705 basehttp "POST /api/words/mark_learned/ HTTP/1.1" 200 322
[INFO] 2026-06-15 22:47:58,543 basehttp "GET /api/users/profile/ HTTP/1.1" 200 350
[INFO] 2026-06-15 22:47:58,554 basehttp "GET /api/checkin/today_status/ HTTP/1.1" 200 284
[INFO] 2026-06-15 22:47:58,558 basehttp "GET /api/words/daily_words/?count=5 HTTP/1.1" 200 1683
[INFO] 2026-06-15 23:02:15,308 autoreload D:\毕业设计\backend\apps\checkin\models.py changed, reloading.
[INFO] 2026-06-15 23:02:15,403 autoreload D:\毕业设计\backend\apps\checkin\models.py changed, reloading.
[INFO] 2026-06-15 23:02:15,780 autoreload D:\毕业设计\backend\apps\checkin\models.py changed, reloading.
[INFO] 2026-06-15 23:02:16,155 autoreload D:\毕业设计\backend\apps\checkin\models.py changed, reloading.
[INFO] 2026-06-15 23:02:16,259 autoreload D:\毕业设计\backend\apps\checkin\models.py changed, reloading.
[INFO] 2026-06-15 23:02:16,809 autoreload Watching for file changes with StatReloader
[INFO] 2026-06-15 23:02:16,809 autoreload Watching for file changes with StatReloader
[INFO] 2026-06-15 23:02:16,951 autoreload Watching for file changes with StatReloader
[INFO] 2026-06-15 23:02:17,368 autoreload Watching for file changes with StatReloader
[INFO] 2026-06-15 23:02:17,564 autoreload Watching for file changes with StatReloader
[INFO] 2026-06-15 23:05:16,409 basehttp "GET /api/words/21/ HTTP/1.1" 200 365
[INFO] 2026-06-15 23:05:22,224 basehttp "GET /api/users/profile/ HTTP/1.1" 200 350
[INFO] 2026-06-15 23:05:22,247 basehttp "GET /api/checkin/today_status/ HTTP/1.1" 200 284
[INFO] 2026-06-15 23:05:22,248 basehttp "GET /api/words/daily_words/?count=5 HTTP/1.1" 200 1714
[WARNING] 2026-06-17 16:04:00,179 log Unauthorized: /api/users/profile/
[WARNING] 2026-06-17 16:04:00,180 log Unauthorized: /api/words/daily_words/
[WARNING] 2026-06-17 16:04:00,180 log Unauthorized: /api/checkin/today_status/
[WARNING] 2026-06-17 16:04:00,181 basehttp "GET /api/users/profile/ HTTP/1.1" 401 53
[WARNING] 2026-06-17 16:04:00,182 basehttp "GET /api/words/daily_words/?count=5 HTTP/1.1" 401 53
[WARNING] 2026-06-17 16:04:00,182 basehttp "GET /api/checkin/today_status/ HTTP/1.1" 401 53
[WARNING] 2026-06-17 16:04:00,187 log Unauthorized: /api/users/profile/
[WARNING] 2026-06-17 16:04:00,188 log Unauthorized: /api/words/daily_words/
[WARNING] 2026-06-17 16:04:00,200 log Unauthorized: /api/checkin/today_status/
[WARNING] 2026-06-17 16:04:00,201 basehttp "GET /api/users/profile/ HTTP/1.1" 401 53
[WARNING] 2026-06-17 16:04:00,201 basehttp "GET /api/words/daily_words/?count=5 HTTP/1.1" 401 53
[WARNING] 2026-06-17 16:04:00,202 basehttp "GET /api/checkin/today_status/ HTTP/1.1" 401 53
[WARNING] 2026-06-17 16:04:06,053 views 微信登录失败: {'errcode': 40013, 'errmsg': 'invalid appid, rid: 6a3254f7-4cb891a5-46837ec5'}
[INFO] 2026-06-17 16:04:06,093 basehttp "POST /api/auth/wechat-login/ HTTP/1.1" 200 987
[INFO] 2026-06-17 16:04:07,657 basehttp "GET /api/users/profile/ HTTP/1.1" 200 350
[INFO] 2026-06-17 16:04:07,657 basehttp "GET /api/checkin/today_status/ HTTP/1.1" 200 80
[INFO] 2026-06-17 16:04:07,676 basehttp "GET /api/users/profile/ HTTP/1.1" 200 350
[INFO] 2026-06-17 16:04:07,677 basehttp "GET /api/words/daily_words/?count=5 HTTP/1.1" 200 1710
[INFO] 2026-06-17 16:04:07,677 basehttp "GET /api/checkin/today_status/ HTTP/1.1" 200 80
[INFO] 2026-06-17 16:04:07,696 basehttp "GET /api/words/daily_words/?count=5 HTTP/1.1" 200 1714
[INFO] 2026-06-17 16:04:15,475 basehttp "GET /api/checkin/today_status/ HTTP/1.1" 200 80
[INFO] 2026-06-17 16:04:15,475 basehttp "GET /api/checkin/calendar/?year=2026&month=6 HTTP/1.1" 200 92
[INFO] 2026-06-17 16:04:15,475 basehttp "GET /api/checkin/streak/ HTTP/1.1" 200 120
[INFO] 2026-06-17 16:04:16,961 basehttp "POST /api/checkin/do_checkin/ HTTP/1.1" 200 350
[INFO] 2026-06-17 16:04:16,995 basehttp "GET /api/checkin/calendar/?year=2026&month=6 HTTP/1.1" 200 104
[INFO] 2026-06-17 16:04:19,489 basehttp "GET /api/users/profile/ HTTP/1.1" 200 350
[INFO] 2026-06-17 16:04:19,490 basehttp "GET /api/checkin/today_status/ HTTP/1.1" 200 284
[INFO] 2026-06-17 16:04:19,493 basehttp "GET /api/words/daily_words/?count=5 HTTP/1.1" 200 1695
[INFO] 2026-06-17 16:04:20,559 basehttp "GET /api/checkin/calendar/?year=2026&month=6 HTTP/1.1" 200 104
[INFO] 2026-06-17 16:04:20,560 basehttp "GET /api/checkin/today_status/ HTTP/1.1" 200 284
[INFO] 2026-06-17 16:04:20,560 basehttp "GET /api/checkin/streak/ HTTP/1.1" 200 119
[INFO] 2026-06-17 16:04:21,203 basehttp "GET /api/users/profile/ HTTP/1.1" 200 350
[INFO] 2026-06-17 16:04:21,204 basehttp "GET /api/checkin/today_status/ HTTP/1.1" 200 284
[INFO] 2026-06-17 16:04:21,215 basehttp "GET /api/words/daily_words/?count=5 HTTP/1.1" 200 1727
[INFO] 2026-06-17 16:04:21,585 basehttp "GET /api/checkin/today_status/ HTTP/1.1" 200 284
[INFO] 2026-06-17 16:04:21,585 basehttp "GET /api/checkin/streak/ HTTP/1.1" 200 119
[INFO] 2026-06-17 16:04:21,586 basehttp "GET /api/checkin/calendar/?year=2026&month=6 HTTP/1.1" 200 104
[INFO] 2026-06-17 16:04:22,267 basehttp "GET /api/leaderboard/daily/ HTTP/1.1" 200 2284
[INFO] 2026-06-17 16:04:22,714 basehttp "GET /api/checkin/today_status/ HTTP/1.1" 200 284
[INFO] 2026-06-17 16:04:22,715 basehttp "GET /api/checkin/calendar/?year=2026&month=6 HTTP/1.1" 200 104
[INFO] 2026-06-17 16:04:22,715 basehttp "GET /api/checkin/streak/ HTTP/1.1" 200 119
[INFO] 2026-06-17 16:04:24,146 basehttp "GET /api/checkin/today_status/ HTTP/1.1" 200 284
[INFO] 2026-06-17 16:04:24,152 basehttp "GET /api/checkin/calendar/?year=2026&month=6 HTTP/1.1" 200 104
[INFO] 2026-06-17 16:04:24,156 basehttp "GET /api/checkin/streak/ HTTP/1.1" 200 119
[INFO] 2026-06-17 16:04:25,279 basehttp "GET /api/users/profile/ HTTP/1.1" 200 350
[INFO] 2026-06-17 16:04:46,311 basehttp "GET /api/checkin/records/ HTTP/1.1" 200 251
[INFO] 2026-06-17 16:04:46,312 basehttp "GET /api/users/stats/ HTTP/1.1" 200 153
[INFO] 2026-06-17 16:04:49,997 basehttp "GET /api/users/profile/ HTTP/1.1" 200 350
[INFO] 2026-06-17 16:04:52,875 basehttp "GET /api/checkin/today_status/ HTTP/1.1" 200 284
[INFO] 2026-06-17 16:04:52,879 basehttp "GET /api/checkin/calendar/?year=2026&month=6 HTTP/1.1" 200 104
[INFO] 2026-06-17 16:04:52,880 basehttp "GET /api/checkin/streak/ HTTP/1.1" 200 119
[INFO] 2026-06-17 16:04:56,342 basehttp "GET /api/users/profile/ HTTP/1.1" 200 350
[INFO] 2026-06-17 16:04:56,375 basehttp "GET /api/checkin/today_status/ HTTP/1.1" 200 284
[INFO] 2026-06-17 16:04:56,384 basehttp "GET /api/words/daily_words/?count=5 HTTP/1.1" 200 1781
[INFO] 2026-06-17 16:04:58,064 basehttp "GET /api/words/81/ HTTP/1.1" 200 391
[INFO] 2026-06-17 16:04:59,888 basehttp "POST /api/words/mark_learned/ HTTP/1.1" 200 332
[INFO] 2026-06-17 16:05:00,892 basehttp "POST /api/words/mark_learned/ HTTP/1.1" 200 318
[INFO] 2026-06-17 16:05:03,248 basehttp "POST /api/words/unmark_learned/ HTTP/1.1" 200 93
[INFO] 2026-06-17 16:05:08,463 basehttp "GET /api/users/profile/ HTTP/1.1" 200 350
[INFO] 2026-06-17 16:05:08,471 basehttp "GET /api/checkin/today_status/ HTTP/1.1" 200 284
[INFO] 2026-06-17 16:05:08,476 basehttp "GET /api/words/daily_words/?count=5 HTTP/1.1" 200 1632
[INFO] 2026-06-17 16:05:09,968 basehttp "GET /api/words/categories/ HTTP/1.1" 200 57
[INFO] 2026-06-17 16:05:10,005 basehttp "GET /api/words/?page=1&page_size=20 HTTP/1.1" 200 6512
[INFO] 2026-06-17 16:05:11,556 basehttp "GET /api/words/?page=1&page_size=20&category=CET-4 HTTP/1.1" 200 6526
[INFO] 2026-06-17 16:05:12,097 basehttp "GET /api/words/?page=1&page_size=20&category=CET-6 HTTP/1.1" 200 6820
[INFO] 2026-06-17 16:05:13,011 basehttp "GET /api/words/?page=1&page_size=20&category=CET-4 HTTP/1.1" 200 6526
[INFO] 2026-06-17 16:05:13,253 basehttp "GET /api/words/?page=1&page_size=20&category=CET-6 HTTP/1.1" 200 6820
[INFO] 2026-06-17 16:05:14,357 basehttp "GET /api/words/?page=1&page_size=20&category=CET-4 HTTP/1.1" 200 6526
[INFO] 2026-06-17 16:05:14,662 basehttp "GET /api/words/?page=1&page_size=20&category=CET-6 HTTP/1.1" 200 6820
[INFO] 2026-06-17 16:05:16,238 basehttp "GET /api/words/64/ HTTP/1.1" 200 382
[INFO] 2026-06-17 16:05:17,402 basehttp "POST /api/words/mark_learned/ HTTP/1.1" 200 319
[INFO] 2026-06-17 16:05:17,918 basehttp "POST /api/words/mark_learned/ HTTP/1.1" 200 305
[INFO] 2026-06-17 16:05:20,384 basehttp "GET /api/words/?page=1&page_size=20&category=CET-6 HTTP/1.1" 200 6818
[INFO] 2026-06-17 16:05:21,166 basehttp "GET /api/users/profile/ HTTP/1.1" 200 350
[INFO] 2026-06-17 16:05:21,207 basehttp "GET /api/checkin/today_status/ HTTP/1.1" 200 284
[INFO] 2026-06-17 16:05:21,211 basehttp "GET /api/words/daily_words/?count=5 HTTP/1.1" 200 1659
[INFO] 2026-06-17 16:05:38,616 basehttp "GET /api/users/profile/ HTTP/1.1" 200 350
[INFO] 2026-06-17 16:05:38,617 basehttp "GET /api/checkin/today_status/ HTTP/1.1" 200 284
[INFO] 2026-06-17 16:05:38,626 basehttp "GET /api/users/profile/ HTTP/1.1" 200 350
[INFO] 2026-06-17 16:05:38,627 basehttp "GET /api/words/daily_words/?count=5 HTTP/1.1" 200 1652
[INFO] 2026-06-17 16:05:38,631 basehttp "GET /api/checkin/today_status/ HTTP/1.1" 200 284
[INFO] 2026-06-17 16:05:38,646 basehttp "GET /api/words/daily_words/?count=5 HTTP/1.1" 200 1680
[INFO] 2026-06-17 16:05:40,848 basehttp "GET /api/checkin/today_status/ HTTP/1.1" 200 284
[INFO] 2026-06-17 16:05:40,848 basehttp "GET /api/checkin/calendar/?year=2026&month=6 HTTP/1.1" 200 104
[INFO] 2026-06-17 16:05:40,850 basehttp "GET /api/checkin/streak/ HTTP/1.1" 200 119
[INFO] 2026-06-17 16:05:44,426 basehttp "GET /api/leaderboard/daily/ HTTP/1.1" 200 2284
[INFO] 2026-06-17 16:05:48,748 basehttp "GET /api/users/profile/ HTTP/1.1" 200 350
[INFO] 2026-06-17 16:05:48,789 basehttp "GET /api/checkin/today_status/ HTTP/1.1" 200 284
[INFO] 2026-06-17 16:05:48,792 basehttp "GET /api/users/profile/ HTTP/1.1" 200 350
[INFO] 2026-06-17 16:05:48,792 basehttp "GET /api/words/daily_words/?count=5 HTTP/1.1" 200 1697
[INFO] 2026-06-17 16:05:48,803 basehttp "GET /api/checkin/today_status/ HTTP/1.1" 200 284
[INFO] 2026-06-17 16:05:48,818 basehttp "GET /api/words/daily_words/?count=5 HTTP/1.1" 200 1652
[INFO] 2026-06-17 16:05:50,727 basehttp "GET /api/words/23/ HTTP/1.1" 200 360
[INFO] 2026-06-17 16:05:53,038 basehttp "GET /api/users/profile/ HTTP/1.1" 200 350
[INFO] 2026-06-17 16:05:53,047 basehttp "GET /api/checkin/today_status/ HTTP/1.1" 200 284
[INFO] 2026-06-17 16:05:53,053 basehttp "GET /api/words/daily_words/?count=5 HTTP/1.1" 200 1673
[INFO] 2026-06-17 16:05:55,896 basehttp "GET /api/words/34/ HTTP/1.1" 200 361
[INFO] 2026-06-17 16:05:57,943 basehttp "GET /api/users/profile/ HTTP/1.1" 200 350
[INFO] 2026-06-17 16:05:57,963 basehttp "GET /api/words/daily_words/?count=5 HTTP/1.1" 200 1687
[INFO] 2026-06-17 16:05:57,963 basehttp "GET /api/checkin/today_status/ HTTP/1.1" 200 284
[INFO] 2026-06-17 16:06:01,917 basehttp "GET /api/words/categories/ HTTP/1.1" 200 57
[INFO] 2026-06-17 16:06:01,943 basehttp "GET /api/words/?page=1&page_size=20 HTTP/1.1" 200 6512
[INFO] 2026-06-17 16:06:03,440 basehttp "GET /api/words/?page=1&page_size=20&category=CET-6 HTTP/1.1" 200 6818
[INFO] 2026-06-17 16:06:04,604 basehttp "GET /api/words/51/ HTTP/1.1" 200 372
[INFO] 2026-06-17 16:06:09,305 basehttp "POST /api/words/mark_learned/ HTTP/1.1" 200 319
[INFO] 2026-06-17 16:06:10,647 basehttp "POST /api/words/mark_learned/ HTTP/1.1" 200 305
[INFO] 2026-06-17 16:06:12,338 basehttp "GET /api/words/?page=1&page_size=20&category=CET-6 HTTP/1.1" 200 6816
[INFO] 2026-06-17 16:06:21,381 basehttp "GET /api/users/profile/ HTTP/1.1" 200 350
[INFO] 2026-06-17 16:06:21,421 basehttp "GET /api/checkin/today_status/ HTTP/1.1" 200 284
[INFO] 2026-06-17 16:06:21,422 basehttp "GET /api/users/profile/ HTTP/1.1" 200 350
[INFO] 2026-06-17 16:06:21,427 basehttp "GET /api/words/daily_words/?count=5 HTTP/1.1" 200 1670
[INFO] 2026-06-17 16:06:21,430 basehttp "GET /api/checkin/today_status/ HTTP/1.1" 200 284
[INFO] 2026-06-17 16:06:21,445 basehttp "GET /api/words/daily_words/?count=5 HTTP/1.1" 200 1643
[INFO] 2026-06-17 16:06:27,230 basehttp "GET /api/users/profile/ HTTP/1.1" 200 350
[INFO] 2026-06-17 16:06:27,238 basehttp "GET /api/checkin/today_status/ HTTP/1.1" 200 284
[INFO] 2026-06-17 16:06:27,252 basehttp "GET /api/users/profile/ HTTP/1.1" 200 350
[INFO] 2026-06-17 16:06:27,252 basehttp "GET /api/checkin/today_status/ HTTP/1.1" 200 284
[INFO] 2026-06-17 16:06:27,252 basehttp "GET /api/words/daily_words/?count=5 HTTP/1.1" 200 1702
[INFO] 2026-06-17 16:06:27,270 basehttp "GET /api/words/daily_words/?count=5 HTTP/1.1" 200 1637
[INFO] 2026-06-17 16:06:30,735 basehttp "GET /api/checkin/today_status/ HTTP/1.1" 200 284
[INFO] 2026-06-17 16:06:30,735 basehttp "GET /api/users/profile/ HTTP/1.1" 200 350
[INFO] 2026-06-17 16:06:30,750 basehttp "GET /api/checkin/today_status/ HTTP/1.1" 200 284
[INFO] 2026-06-17 16:06:30,751 basehttp "GET /api/users/profile/ HTTP/1.1" 200 350
[INFO] 2026-06-17 16:06:30,751 basehttp "GET /api/words/daily_words/?count=5 HTTP/1.1" 200 1645
[INFO] 2026-06-17 16:06:30,766 basehttp "GET /api/words/daily_words/?count=5 HTTP/1.1" 200 1617
[INFO] 2026-06-17 16:06:35,390 basehttp "GET /api/users/profile/ HTTP/1.1" 200 350
[INFO] 2026-06-17 16:06:38,244 basehttp "GET /api/users/stats/ HTTP/1.1" 200 153
[INFO] 2026-06-17 16:06:38,249 basehttp "GET /api/checkin/records/ HTTP/1.1" 200 251
[INFO] 2026-06-17 16:06:39,762 basehttp "GET /api/users/profile/ HTTP/1.1" 200 350
[INFO] 2026-06-17 16:06:40,945 basehttp "GET /api/words/categories/ HTTP/1.1" 200 57
[INFO] 2026-06-17 16:06:40,974 basehttp "GET /api/words/?page=1&page_size=20 HTTP/1.1" 200 6512
[INFO] 2026-06-17 16:06:46,034 basehttp "GET /api/users/profile/ HTTP/1.1" 200 350
[INFO] 2026-06-17 16:06:47,320 basehttp "GET /api/words/categories/ HTTP/1.1" 200 57
[INFO] 2026-06-17 16:06:47,360 basehttp "GET /api/words/?page=1&page_size=20 HTTP/1.1" 200 6512
[INFO] 2026-06-17 16:06:49,527 basehttp "GET /api/users/profile/ HTTP/1.1" 200 350
[INFO] 2026-06-17 16:09:19,155 basehttp "GET /api/users/profile/ HTTP/1.1" 200 350
[INFO] 2026-06-17 16:09:19,164 basehttp "GET /api/checkin/today_status/ HTTP/1.1" 200 284
[INFO] 2026-06-17 16:09:19,177 basehttp "GET /api/users/profile/ HTTP/1.1" 200 350
[INFO] 2026-06-17 16:09:19,177 basehttp "GET /api/words/daily_words/?count=5 HTTP/1.1" 200 1679
[INFO] 2026-06-17 16:09:19,177 basehttp "GET /api/checkin/today_status/ HTTP/1.1" 200 284
[INFO] 2026-06-17 16:09:19,201 basehttp "GET /api/words/daily_words/?count=5 HTTP/1.1" 200 1678
[INFO] 2026-06-17 16:09:19,249 basehttp "GET /api/users/profile/ HTTP/1.1" 200 350
[INFO] 2026-06-17 16:11:05,473 basehttp "GET /api/users/profile/ HTTP/1.1" 200 350
[INFO] 2026-06-17 16:11:05,487 basehttp "GET /api/words/daily_words/?count=5 HTTP/1.1" 200 1717
[INFO] 2026-06-17 16:11:05,545 basehttp "GET /api/checkin/today_status/ HTTP/1.1" 200 284
[INFO] 2026-06-17 16:11:05,575 basehttp "GET /api/users/profile/ HTTP/1.1" 200 350
[INFO] 2026-06-17 16:11:05,575 basehttp "GET /api/checkin/today_status/ HTTP/1.1" 200 284
[INFO] 2026-06-17 16:11:05,591 basehttp "GET /api/words/daily_words/?count=5 HTTP/1.1" 200 1708
[INFO] 2026-06-17 16:11:10,360 basehttp "GET /api/checkin/today_status/ HTTP/1.1" 200 284
[INFO] 2026-06-17 16:11:10,360 basehttp "GET /api/checkin/streak/ HTTP/1.1" 200 119
[INFO] 2026-06-17 16:11:10,361 basehttp "GET /api/checkin/calendar/?year=2026&month=6 HTTP/1.1" 200 104
[INFO] 2026-06-17 16:11:14,862 basehttp "GET /api/checkin/calendar/?year=2026&month=7 HTTP/1.1" 200 92
[INFO] 2026-06-17 16:11:15,550 basehttp "GET /api/checkin/calendar/?year=2026&month=6 HTTP/1.1" 200 104
[INFO] 2026-06-17 16:11:23,411 basehttp "GET /api/users/profile/ HTTP/1.1" 200 350
[INFO] 2026-06-17 16:11:23,411 basehttp "GET /api/checkin/today_status/ HTTP/1.1" 200 284
[INFO] 2026-06-17 16:11:23,416 basehttp "GET /api/words/daily_words/?count=5 HTTP/1.1" 200 1718
[INFO] 2026-06-17 16:11:27,873 basehttp "GET /api/leaderboard/daily/ HTTP/1.1" 200 2284
[INFO] 2026-06-17 16:11:34,751 basehttp "GET /api/leaderboard/weekly/ HTTP/1.1" 200 2285
[INFO] 2026-06-17 16:11:35,383 basehttp "GET /api/leaderboard/monthly/ HTTP/1.1" 200 2286
[INFO] 2026-06-17 16:11:35,765 basehttp "GET /api/leaderboard/alltime/ HTTP/1.1" 200 2286
[INFO] 2026-06-17 16:11:36,650 basehttp "GET /api/leaderboard/monthly/ HTTP/1.1" 200 2286
[INFO] 2026-06-17 16:11:36,941 basehttp "GET /api/leaderboard/weekly/ HTTP/1.1" 200 2285
[INFO] 2026-06-17 16:11:37,222 basehttp "GET /api/leaderboard/daily/ HTTP/1.1" 200 2284
[INFO] 2026-06-17 16:11:38,051 basehttp "GET /api/leaderboard/alltime/ HTTP/1.1" 200 2286
[INFO] 2026-06-17 16:11:39,210 basehttp "GET /api/leaderboard/daily/ HTTP/1.1" 200 2284
[INFO] 2026-06-17 16:11:43,323 basehttp "GET /api/users/profile/ HTTP/1.1" 200 350
[INFO] 2026-06-17 16:11:43,333 basehttp "GET /api/checkin/today_status/ HTTP/1.1" 200 284
[INFO] 2026-06-17 16:11:43,339 basehttp "GET /api/words/daily_words/?count=5 HTTP/1.1" 200 1642
[INFO] 2026-06-17 16:11:45,032 basehttp "GET /api/users/profile/ HTTP/1.1" 200 350
[INFO] 2026-06-17 16:11:45,040 basehttp "GET /api/checkin/today_status/ HTTP/1.1" 200 284
[INFO] 2026-06-17 16:11:45,051 basehttp "GET /api/words/daily_words/?count=5 HTTP/1.1" 200 1715
[INFO] 2026-06-17 16:11:46,599 basehttp "GET /api/words/29/ HTTP/1.1" 200 354
[INFO] 2026-06-17 16:11:47,939 basehttp "POST /api/words/mark_learned/ HTTP/1.1" 200 323
[INFO] 2026-06-17 16:11:49,300 basehttp "GET /api/users/profile/ HTTP/1.1" 200 350
[INFO] 2026-06-17 16:11:49,309 basehttp "GET /api/checkin/today_status/ HTTP/1.1" 200 284
[INFO] 2026-06-17 16:11:49,313 basehttp "GET /api/words/daily_words/?count=5 HTTP/1.1" 200 1660
[INFO] 2026-06-17 16:11:50,859 basehttp "GET /api/words/13/ HTTP/1.1" 200 356
[INFO] 2026-06-17 16:11:51,762 basehttp "POST /api/words/mark_learned/ HTTP/1.1" 200 328
[INFO] 2026-06-17 16:11:53,151 basehttp "GET /api/users/profile/ HTTP/1.1" 200 350
[INFO] 2026-06-17 16:11:53,156 basehttp "GET /api/checkin/today_status/ HTTP/1.1" 200 284
[INFO] 2026-06-17 16:11:53,170 basehttp "GET /api/words/daily_words/?count=5 HTTP/1.1" 200 1736
[INFO] 2026-06-17 16:11:54,056 basehttp "GET /api/words/8/ HTTP/1.1" 200 358
[INFO] 2026-06-17 16:11:54,963 basehttp "POST /api/words/mark_learned/ HTTP/1.1" 200 321
[INFO] 2026-06-17 16:11:57,877 basehttp "GET /api/users/profile/ HTTP/1.1" 200 350
[INFO] 2026-06-17 16:11:57,896 basehttp "GET /api/checkin/today_status/ HTTP/1.1" 200 284
[INFO] 2026-06-17 16:11:57,901 basehttp "GET /api/words/daily_words/?count=5 HTTP/1.1" 200 1723
[INFO] 2026-06-17 16:11:59,118 basehttp "GET /api/words/81/ HTTP/1.1" 200 391
[INFO] 2026-06-17 16:12:00,098 basehttp "POST /api/words/mark_learned/ HTTP/1.1" 200 318
[INFO] 2026-06-17 16:12:01,792 basehttp "GET /api/users/profile/ HTTP/1.1" 200 350
[INFO] 2026-06-17 16:12:01,810 basehttp "GET /api/checkin/today_status/ HTTP/1.1" 200 284
[INFO] 2026-06-17 16:12:01,816 basehttp "GET /api/words/daily_words/?count=5 HTTP/1.1" 200 1683
[INFO] 2026-06-17 16:12:03,974 basehttp "GET /api/words/83/ HTTP/1.1" 200 383
[INFO] 2026-06-17 16:12:06,274 basehttp "POST /api/words/mark_learned/ HTTP/1.1" 200 319
[INFO] 2026-06-17 16:12:07,714 basehttp "GET /api/users/profile/ HTTP/1.1" 200 350
[INFO] 2026-06-17 16:12:07,718 basehttp "GET /api/checkin/today_status/ HTTP/1.1" 200 284
[INFO] 2026-06-17 16:12:07,733 basehttp "GET /api/words/daily_words/?count=5 HTTP/1.1" 200 1645
[INFO] 2026-06-17 16:12:17,076 basehttp "GET /api/leaderboard/weekly/ HTTP/1.1" 200 2285
[INFO] 2026-06-17 16:12:17,556 basehttp "GET /api/leaderboard/monthly/ HTTP/1.1" 200 2286
[INFO] 2026-06-17 16:12:18,023 basehttp "GET /api/leaderboard/alltime/ HTTP/1.1" 200 2286
[INFO] 2026-06-17 16:12:18,760 basehttp "GET /api/leaderboard/monthly/ HTTP/1.1" 200 2286
[INFO] 2026-06-17 16:12:19,070 basehttp "GET /api/leaderboard/weekly/ HTTP/1.1" 200 2285
[INFO] 2026-06-17 16:12:19,284 basehttp "GET /api/leaderboard/daily/ HTTP/1.1" 200 2284
[INFO] 2026-06-17 16:12:19,725 basehttp "GET /api/leaderboard/weekly/ HTTP/1.1" 200 2285
[INFO] 2026-06-17 16:12:19,933 basehttp "GET /api/leaderboard/monthly/ HTTP/1.1" 200 2286
[INFO] 2026-06-17 16:12:20,125 basehttp "GET /api/leaderboard/weekly/ HTTP/1.1" 200 2285
[INFO] 2026-06-17 16:12:21,309 basehttp "GET /api/leaderboard/daily/ HTTP/1.1" 200 2284
[INFO] 2026-06-17 16:12:22,577 basehttp "GET /api/leaderboard/alltime/ HTTP/1.1" 200 2286
[INFO] 2026-06-17 16:12:24,010 basehttp "GET /api/leaderboard/daily/ HTTP/1.1" 200 2284
[INFO] 2026-06-17 16:12:24,245 basehttp "GET /api/leaderboard/weekly/ HTTP/1.1" 200 2285
[INFO] 2026-06-17 16:12:24,444 basehttp "GET /api/leaderboard/monthly/ HTTP/1.1" 200 2286
[INFO] 2026-06-17 16:12:25,338 basehttp "GET /api/leaderboard/daily/ HTTP/1.1" 200 2284
[INFO] 2026-06-17 16:13:08,675 basehttp "GET /api/leaderboard/alltime/ HTTP/1.1" 200 2286
[INFO] 2026-06-17 16:13:09,751 basehttp "GET /api/leaderboard/daily/ HTTP/1.1" 200 2284
[INFO] 2026-06-17 16:18:33,163 autoreload D:\毕业设计\backend\apps\leaderboard\views.py changed, reloading.
[INFO] 2026-06-17 16:18:33,568 autoreload D:\毕业设计\backend\apps\leaderboard\views.py changed, reloading.
[INFO] 2026-06-17 16:18:33,847 autoreload D:\毕业设计\backend\apps\leaderboard\views.py changed, reloading.
[INFO] 2026-06-17 16:18:33,962 autoreload D:\毕业设计\backend\apps\leaderboard\views.py changed, reloading.
[INFO] 2026-06-17 16:18:34,066 autoreload D:\毕业设计\backend\apps\leaderboard\views.py changed, reloading.
[INFO] 2026-06-17 16:18:35,194 autoreload Watching for file changes with StatReloader
[INFO] 2026-06-17 16:18:35,261 autoreload Watching for file changes with StatReloader
[INFO] 2026-06-17 16:18:35,389 autoreload Watching for file changes with StatReloader
[INFO] 2026-06-17 16:18:35,406 autoreload Watching for file changes with StatReloader
[INFO] 2026-06-17 16:23:34,557 basehttp "GET /api/leaderboard/weekly/ HTTP/1.1" 200 84
[INFO] 2026-06-17 16:23:35,081 basehttp "GET /api/leaderboard/daily/ HTTP/1.1" 200 83
[INFO] 2026-06-17 16:23:41,179 basehttp "GET /api/users/profile/ HTTP/1.1" 200 350
[INFO] 2026-06-17 16:23:41,192 basehttp "GET /api/checkin/today_status/ HTTP/1.1" 200 284
[INFO] 2026-06-17 16:23:41,212 basehttp "GET /api/users/profile/ HTTP/1.1" 200 350
[INFO] 2026-06-17 16:23:41,212 basehttp "GET /api/words/daily_words/?count=5 HTTP/1.1" 200 1692
[INFO] 2026-06-17 16:23:41,212 basehttp "GET /api/checkin/today_status/ HTTP/1.1" 200 284
[INFO] 2026-06-17 16:23:41,274 basehttp "GET /api/words/daily_words/?count=5 HTTP/1.1" 200 1644
[INFO] 2026-06-17 16:23:43,114 basehttp "GET /api/leaderboard/daily/ HTTP/1.1" 200 83
[INFO] 2026-06-17 16:23:48,348 basehttp "GET /api/users/profile/ HTTP/1.1" 200 350
[INFO] 2026-06-17 16:23:48,364 basehttp "GET /api/checkin/today_status/ HTTP/1.1" 200 284
[INFO] 2026-06-17 16:23:48,366 basehttp "GET /api/words/daily_words/?count=5 HTTP/1.1" 200 1691
[INFO] 2026-06-17 16:23:49,176 basehttp "GET /api/checkin/today_status/ HTTP/1.1" 200 284
[INFO] 2026-06-17 16:23:49,180 basehttp "GET /api/checkin/streak/ HTTP/1.1" 200 119
[INFO] 2026-06-17 16:23:49,192 basehttp "GET /api/checkin/calendar/?year=2026&month=6 HTTP/1.1" 200 104
[INFO] 2026-06-17 16:23:50,520 basehttp "GET /api/users/profile/ HTTP/1.1" 200 350
[INFO] 2026-06-17 16:23:50,528 basehttp "GET /api/checkin/today_status/ HTTP/1.1" 200 284
[INFO] 2026-06-17 16:23:50,537 basehttp "GET /api/words/daily_words/?count=5 HTTP/1.1" 200 1652
[INFO] 2026-06-17 16:23:52,638 basehttp "GET /api/leaderboard/monthly/ HTTP/1.1" 200 85
[INFO] 2026-06-17 16:23:52,918 basehttp "GET /api/leaderboard/weekly/ HTTP/1.1" 200 84
[INFO] 2026-06-17 16:23:53,239 basehttp "GET /api/leaderboard/alltime/ HTTP/1.1" 200 1187
[INFO] 2026-06-17 16:23:53,836 basehttp "GET /api/leaderboard/monthly/ HTTP/1.1" 200 85
[INFO] 2026-06-17 16:23:54,221 basehttp "GET /api/leaderboard/alltime/ HTTP/1.1" 200 1187
[INFO] 2026-06-17 16:23:56,323 basehttp "GET /api/leaderboard/monthly/ HTTP/1.1" 200 85
[INFO] 2026-06-17 16:23:56,644 basehttp "GET /api/leaderboard/weekly/ HTTP/1.1" 200 84
[INFO] 2026-06-17 16:23:56,874 basehttp "GET /api/leaderboard/daily/ HTTP/1.1" 200 83
[INFO] 2026-06-17 16:23:57,245 basehttp "GET /api/leaderboard/weekly/ HTTP/1.1" 200 84
[INFO] 2026-06-17 16:23:57,451 basehttp "GET /api/leaderboard/monthly/ HTTP/1.1" 200 85
[INFO] 2026-06-17 16:23:57,678 basehttp "GET /api/leaderboard/weekly/ HTTP/1.1" 200 84
[INFO] 2026-06-17 16:23:57,899 basehttp "GET /api/leaderboard/daily/ HTTP/1.1" 200 83
[INFO] 2026-06-17 16:23:58,184 basehttp "GET /api/leaderboard/weekly/ HTTP/1.1" 200 84
[INFO] 2026-06-17 16:23:58,395 basehttp "GET /api/leaderboard/monthly/ HTTP/1.1" 200 85
[INFO] 2026-06-17 16:23:58,607 basehttp "GET /api/leaderboard/weekly/ HTTP/1.1" 200 84
[INFO] 2026-06-17 16:23:58,867 basehttp "GET /api/leaderboard/daily/ HTTP/1.1" 200 83
[INFO] 2026-06-17 16:23:59,134 basehttp "GET /api/leaderboard/monthly/ HTTP/1.1" 200 85
[INFO] 2026-06-17 16:23:59,553 basehttp "GET /api/leaderboard/alltime/ HTTP/1.1" 200 1187
[INFO] 2026-06-17 16:24:00,058 basehttp "GET /api/leaderboard/monthly/ HTTP/1.1" 200 85
[INFO] 2026-06-17 16:24:00,267 basehttp "GET /api/leaderboard/weekly/ HTTP/1.1" 200 84
[INFO] 2026-06-17 16:24:00,637 basehttp "GET /api/leaderboard/daily/ HTTP/1.1" 200 83
[INFO] 2026-06-17 16:24:01,443 basehttp "GET /api/users/profile/ HTTP/1.1" 200 350
[INFO] 2026-06-17 16:24:01,478 basehttp "GET /api/checkin/today_status/ HTTP/1.1" 200 284
[INFO] 2026-06-17 16:24:01,486 basehttp "GET /api/words/daily_words/?count=5 HTTP/1.1" 200 1674
[INFO] 2026-06-17 16:24:02,967 basehttp "GET /api/words/34/ HTTP/1.1" 200 361
[INFO] 2026-06-17 16:24:04,148 basehttp "POST /api/words/mark_learned/ HTTP/1.1" 200 331
[INFO] 2026-06-17 16:24:05,185 basehttp "GET /api/users/profile/ HTTP/1.1" 200 350
[INFO] 2026-06-17 16:24:05,196 basehttp "GET /api/checkin/today_status/ HTTP/1.1" 200 284
[INFO] 2026-06-17 16:24:05,204 basehttp "GET /api/words/daily_words/?count=5 HTTP/1.1" 200 1662
[INFO] 2026-06-17 16:24:07,235 basehttp "GET /api/leaderboard/weekly/ HTTP/1.1" 200 84
[INFO] 2026-06-17 16:24:07,849 basehttp "GET /api/leaderboard/alltime/ HTTP/1.1" 200 1187
[INFO] 2026-06-17 16:24:08,650 basehttp "GET /api/leaderboard/monthly/ HTTP/1.1" 200 85
[INFO] 2026-06-17 16:24:08,938 basehttp "GET /api/leaderboard/alltime/ HTTP/1.1" 200 1187
[INFO] 2026-06-17 16:24:28,825 basehttp "GET /api/leaderboard/weekly/ HTTP/1.1" 200 84
[INFO] 2026-06-17 16:24:29,068 basehttp "GET /api/leaderboard/monthly/ HTTP/1.1" 200 85
[INFO] 2026-06-17 16:24:29,383 basehttp "GET /api/leaderboard/weekly/ HTTP/1.1" 200 84
[INFO] 2026-06-17 16:24:29,610 basehttp "GET /api/leaderboard/daily/ HTTP/1.1" 200 83
[INFO] 2026-06-17 16:24:30,450 basehttp "GET /api/users/profile/ HTTP/1.1" 200 350
[INFO] 2026-06-17 16:24:30,457 basehttp "GET /api/checkin/today_status/ HTTP/1.1" 200 284
[INFO] 2026-06-17 16:24:30,465 basehttp "GET /api/words/daily_words/?count=5 HTTP/1.1" 200 1670
[INFO] 2026-06-17 16:25:59,888 basehttp "GET /api/leaderboard/weekly/ HTTP/1.1" 200 84
[INFO] 2026-06-17 16:26:00,328 basehttp "GET /api/leaderboard/weekly/ HTTP/1.1" 200 84
[INFO] 2026-06-17 16:26:00,558 basehttp "GET /api/leaderboard/daily/ HTTP/1.1" 200 83
[INFO] 2026-06-17 16:26:00,777 basehttp "GET /api/leaderboard/weekly/ HTTP/1.1" 200 84
[INFO] 2026-06-17 16:26:00,989 basehttp "GET /api/leaderboard/monthly/ HTTP/1.1" 200 85
[INFO] 2026-06-17 16:26:01,268 basehttp "GET /api/leaderboard/alltime/ HTTP/1.1" 200 1187
[INFO] 2026-06-17 16:26:01,715 basehttp "GET /api/leaderboard/monthly/ HTTP/1.1" 200 85
[INFO] 2026-06-17 16:26:01,927 basehttp "GET /api/leaderboard/monthly/ HTTP/1.1" 200 85
[INFO] 2026-06-17 16:26:02,149 basehttp "GET /api/leaderboard/weekly/ HTTP/1.1" 200 84
[INFO] 2026-06-17 16:26:02,381 basehttp "GET /api/leaderboard/daily/ HTTP/1.1" 200 83
[INFO] 2026-06-17 16:26:02,579 basehttp "GET /api/leaderboard/weekly/ HTTP/1.1" 200 84
[INFO] 2026-06-17 16:26:02,785 basehttp "GET /api/leaderboard/monthly/ HTTP/1.1" 200 85
[INFO] 2026-06-17 16:26:02,964 basehttp "GET /api/leaderboard/alltime/ HTTP/1.1" 200 1187
[INFO] 2026-06-17 16:26:04,154 basehttp "GET /api/leaderboard/weekly/ HTTP/1.1" 200 84
[INFO] 2026-06-17 16:26:04,406 basehttp "GET /api/leaderboard/daily/ HTTP/1.1" 200 83
[INFO] 2026-06-17 16:26:16,944 basehttp "GET /api/leaderboard/weekly/ HTTP/1.1" 200 84
[INFO] 2026-06-17 16:26:17,846 basehttp "GET /api/leaderboard/monthly/ HTTP/1.1" 200 85
[INFO] 2026-06-17 16:26:18,354 basehttp "GET /api/leaderboard/weekly/ HTTP/1.1" 200 84
[INFO] 2026-06-17 16:26:23,659 basehttp "GET /api/leaderboard/monthly/ HTTP/1.1" 200 85
[INFO] 2026-06-17 16:26:29,010 basehttp "GET /api/leaderboard/alltime/ HTTP/1.1" 200 1187
[INFO] 2026-06-17 16:30:17,918 autoreload D:\毕业设计\backend\apps\leaderboard\views.py changed, reloading.
[INFO] 2026-06-17 16:30:18,864 autoreload Watching for file changes with StatReloader
[INFO] 2026-06-17 16:30:18,992 autoreload D:\毕业设计\backend\apps\leaderboard\views.py changed, reloading.
[INFO] 2026-06-17 16:30:19,046 autoreload D:\毕业设计\backend\apps\leaderboard\views.py changed, reloading.
[INFO] 2026-06-17 16:30:19,073 autoreload D:\毕业设计\backend\apps\leaderboard\views.py changed, reloading.
[INFO] 2026-06-17 16:30:19,089 autoreload D:\毕业设计\backend\apps\leaderboard\views.py changed, reloading.
[INFO] 2026-06-17 16:30:20,053 autoreload Watching for file changes with StatReloader
[INFO] 2026-06-17 16:30:20,107 autoreload Watching for file changes with StatReloader
[INFO] 2026-06-17 16:30:20,138 autoreload Watching for file changes with StatReloader
[INFO] 2026-06-17 16:30:20,182 autoreload Watching for file changes with StatReloader
[INFO] 2026-06-17 16:30:41,161 autoreload D:\毕业设计\backend\apps\leaderboard\views.py changed, reloading.
[INFO] 2026-06-17 16:30:41,221 autoreload D:\毕业设计\backend\apps\leaderboard\views.py changed, reloading.
[INFO] 2026-06-17 16:30:41,224 autoreload D:\毕业设计\backend\apps\leaderboard\views.py changed, reloading.
[INFO] 2026-06-17 16:30:41,297 autoreload D:\毕业设计\backend\apps\leaderboard\views.py changed, reloading.
[INFO] 2026-06-17 16:30:42,098 autoreload D:\毕业设计\backend\apps\leaderboard\views.py changed, reloading.
[INFO] 2026-06-17 16:30:42,183 autoreload Watching for file changes with StatReloader
[INFO] 2026-06-17 16:30:42,293 autoreload Watching for file changes with StatReloader
[INFO] 2026-06-17 16:30:42,295 autoreload Watching for file changes with StatReloader
[INFO] 2026-06-17 16:30:42,323 autoreload Watching for file changes with StatReloader
[INFO] 2026-06-17 16:30:43,118 autoreload Watching for file changes with StatReloader
[INFO] 2026-06-17 16:30:51,146 autoreload D:\毕业设计\backend\apps\leaderboard\views.py changed, reloading.
[INFO] 2026-06-17 16:30:51,655 autoreload D:\毕业设计\backend\apps\leaderboard\views.py changed, reloading.
[INFO] 2026-06-17 16:30:51,776 autoreload D:\毕业设计\backend\apps\leaderboard\views.py changed, reloading.
[INFO] 2026-06-17 16:30:51,950 autoreload D:\毕业设计\backend\apps\leaderboard\views.py changed, reloading.
[INFO] 2026-06-17 16:30:51,968 autoreload D:\毕业设计\backend\apps\leaderboard\views.py changed, reloading.
[INFO] 2026-06-17 16:30:52,114 autoreload Watching for file changes with StatReloader
[INFO] 2026-06-17 16:30:52,663 autoreload Watching for file changes with StatReloader
[INFO] 2026-06-17 16:30:52,784 autoreload Watching for file changes with StatReloader
[INFO] 2026-06-17 16:30:52,983 autoreload Watching for file changes with StatReloader
[INFO] 2026-06-17 16:30:53,012 autoreload Watching for file changes with StatReloader
[INFO] 2026-06-17 16:30:57,176 autoreload D:\毕业设计\backend\apps\words\views.py changed, reloading.
[INFO] 2026-06-17 16:30:57,232 autoreload D:\毕业设计\backend\apps\words\views.py changed, reloading.
[INFO] 2026-06-17 16:30:57,395 autoreload D:\毕业设计\backend\apps\words\views.py changed, reloading.
[INFO] 2026-06-17 16:30:57,486 autoreload D:\毕业设计\backend\apps\words\views.py changed, reloading.
[INFO] 2026-06-17 16:30:57,775 autoreload D:\毕业设计\backend\apps\words\views.py changed, reloading.
[INFO] 2026-06-17 16:30:58,226 autoreload Watching for file changes with StatReloader
[INFO] 2026-06-17 16:30:58,240 autoreload Watching for file changes with StatReloader
[INFO] 2026-06-17 16:30:58,405 autoreload Watching for file changes with StatReloader
[INFO] 2026-06-17 16:30:58,502 autoreload Watching for file changes with StatReloader
[INFO] 2026-06-17 16:30:58,805 autoreload Watching for file changes with StatReloader
[INFO] 2026-06-17 16:33:12,104 basehttp "GET /api/leaderboard/weekly/ HTTP/1.1" 200 1186
[INFO] 2026-06-17 16:33:12,729 basehttp "GET /api/leaderboard/daily/ HTTP/1.1" 200 577
[INFO] 2026-06-17 16:33:13,278 basehttp "GET /api/leaderboard/weekly/ HTTP/1.1" 200 1186
[INFO] 2026-06-17 16:33:13,938 basehttp "GET /api/leaderboard/monthly/ HTTP/1.1" 200 1187
[INFO] 2026-06-17 16:33:14,424 basehttp "GET /api/leaderboard/weekly/ HTTP/1.1" 200 1186
[INFO] 2026-06-17 16:33:14,759 basehttp "GET /api/leaderboard/daily/ HTTP/1.1" 200 577
[INFO] 2026-06-17 16:33:17,186 basehttp "GET /api/leaderboard/weekly/ HTTP/1.1" 200 1186
[INFO] 2026-06-17 16:33:17,776 basehttp "GET /api/leaderboard/monthly/ HTTP/1.1" 200 1187
[INFO] 2026-06-17 16:33:18,920 basehttp "GET /api/leaderboard/alltime/ HTTP/1.1" 200 1187
[INFO] 2026-06-17 16:33:19,495 basehttp "GET /api/leaderboard/monthly/ HTTP/1.1" 200 1187
[INFO] 2026-06-17 16:33:19,780 basehttp "GET /api/leaderboard/alltime/ HTTP/1.1" 200 1187
[INFO] 2026-06-17 16:33:20,030 basehttp "GET /api/leaderboard/monthly/ HTTP/1.1" 200 1187
[INFO] 2026-06-17 16:33:20,253 basehttp "GET /api/leaderboard/weekly/ HTTP/1.1" 200 1186
[INFO] 2026-06-17 16:33:20,471 basehttp "GET /api/leaderboard/daily/ HTTP/1.1" 200 577
[INFO] 2026-06-17 16:33:21,245 basehttp "GET /api/leaderboard/alltime/ HTTP/1.1" 200 1187
[INFO] 2026-06-17 16:33:21,728 basehttp "GET /api/leaderboard/monthly/ HTTP/1.1" 200 1187
[INFO] 2026-06-17 16:33:22,153 basehttp "GET /api/leaderboard/alltime/ HTTP/1.1" 200 1187
[INFO] 2026-06-17 16:33:22,527 basehttp "GET /api/leaderboard/monthly/ HTTP/1.1" 200 1187
[INFO] 2026-06-17 16:33:24,203 basehttp "GET /api/leaderboard/alltime/ HTTP/1.1" 200 1187
[INFO] 2026-06-17 16:33:24,950 basehttp "GET /api/leaderboard/monthly/ HTTP/1.1" 200 1187
[INFO] 2026-06-17 16:33:25,383 basehttp "GET /api/leaderboard/alltime/ HTTP/1.1" 200 1187
[INFO] 2026-06-17 16:33:26,116 basehttp "GET /api/leaderboard/monthly/ HTTP/1.1" 200 1187
[INFO] 2026-06-17 16:33:26,939 basehttp "GET /api/leaderboard/alltime/ HTTP/1.1" 200 1187
[INFO] 2026-06-17 16:33:27,730 basehttp "GET /api/leaderboard/monthly/ HTTP/1.1" 200 1187
[INFO] 2026-06-17 16:33:28,297 basehttp "GET /api/leaderboard/weekly/ HTTP/1.1" 200 1186
[INFO] 2026-06-17 16:33:28,641 basehttp "GET /api/leaderboard/monthly/ HTTP/1.1" 200 1187
[INFO] 2026-06-17 16:33:28,930 basehttp "GET /api/leaderboard/weekly/ HTTP/1.1" 200 1186
[INFO] 2026-06-17 16:33:29,362 basehttp "GET /api/leaderboard/daily/ HTTP/1.1" 200 577
[INFO] 2026-06-17 16:33:29,750 basehttp "GET /api/leaderboard/weekly/ HTTP/1.1" 200 1186
[INFO] 2026-06-17 16:33:30,175 basehttp "GET /api/leaderboard/daily/ HTTP/1.1" 200 577
[INFO] 2026-06-17 16:33:30,973 basehttp "GET /api/leaderboard/weekly/ HTTP/1.1" 200 1186
[INFO] 2026-06-17 16:33:31,296 basehttp "GET /api/leaderboard/daily/ HTTP/1.1" 200 577
[INFO] 2026-06-17 16:33:31,571 basehttp "GET /api/leaderboard/weekly/ HTTP/1.1" 200 1186
[INFO] 2026-06-17 16:33:31,853 basehttp "GET /api/leaderboard/daily/ HTTP/1.1" 200 577
[INFO] 2026-06-17 16:33:32,534 basehttp "GET /api/leaderboard/weekly/ HTTP/1.1" 200 1186
[INFO] 2026-06-17 16:33:32,791 basehttp "GET /api/leaderboard/daily/ HTTP/1.1" 200 577
[INFO] 2026-06-17 16:33:33,065 basehttp "GET /api/leaderboard/weekly/ HTTP/1.1" 200 1186
[INFO] 2026-06-17 16:33:33,460 basehttp "GET /api/leaderboard/daily/ HTTP/1.1" 200 577
[INFO] 2026-06-17 16:33:33,713 basehttp "GET /api/leaderboard/weekly/ HTTP/1.1" 200 1186
[INFO] 2026-06-17 16:33:34,383 basehttp "GET /api/leaderboard/monthly/ HTTP/1.1" 200 1187
[INFO] 2026-06-17 16:33:34,566 basehttp "GET /api/leaderboard/alltime/ HTTP/1.1" 200 1187
[INFO] 2026-06-17 16:33:34,802 basehttp "GET /api/leaderboard/monthly/ HTTP/1.1" 200 1187
[INFO] 2026-06-17 16:33:34,984 basehttp "GET /api/leaderboard/weekly/ HTTP/1.1" 200 1186
[INFO] 2026-06-17 16:33:37,880 basehttp "GET /api/users/profile/ HTTP/1.1" 200 350
[INFO] 2026-06-17 16:33:39,392 basehttp "GET /api/users/login_logs/ HTTP/1.1" 200 477
[INFO] 2026-06-17 16:33:41,643 basehttp "GET /api/users/login_logs/ HTTP/1.1" 200 477
[INFO] 2026-06-17 16:33:45,213 basehttp "GET /api/words/categories/ HTTP/1.1" 200 57
[INFO] 2026-06-17 16:33:45,247 basehttp "GET /api/words/?page=1&page_size=20 HTTP/1.1" 200 6510
[INFO] 2026-06-17 16:33:48,034 basehttp "GET /api/users/profile/ HTTP/1.1" 200 350
[INFO] 2026-06-17 16:33:49,767 basehttp "GET /api/words/categories/ HTTP/1.1" 200 57
[INFO] 2026-06-17 16:33:49,797 basehttp "GET /api/words/?page=1&page_size=20 HTTP/1.1" 200 6510
[INFO] 2026-06-17 16:33:51,899 basehttp "GET /api/users/profile/ HTTP/1.1" 200 350
[INFO] 2026-06-17 16:33:53,302 basehttp "GET /api/users/stats/ HTTP/1.1" 200 153
[INFO] 2026-06-17 16:33:53,308 basehttp "GET /api/checkin/records/ HTTP/1.1" 200 251
[INFO] 2026-06-17 16:33:55,077 basehttp "GET /api/users/profile/ HTTP/1.1" 200 350
[INFO] 2026-06-17 16:34:00,390 basehttp "GET /api/users/profile/ HTTP/1.1" 200 350
[INFO] 2026-06-17 16:34:00,391 basehttp "GET /api/checkin/today_status/ HTTP/1.1" 200 284
[INFO] 2026-06-17 16:34:00,397 basehttp "GET /api/words/daily_words/?count=5 HTTP/1.1" 200 1688
[INFO] 2026-06-17 16:34:01,045 basehttp "GET /api/users/profile/ HTTP/1.1" 200 350
[INFO] 2026-06-17 16:34:02,812 basehttp "GET /api/words/categories/ HTTP/1.1" 200 57
[INFO] 2026-06-17 16:34:02,852 basehttp "GET /api/words/?page=1&page_size=20 HTTP/1.1" 200 6510
[INFO] 2026-06-17 16:34:05,315 basehttp "GET /api/users/profile/ HTTP/1.1" 200 350
[INFO] 2026-06-17 16:34:07,514 basehttp "GET /api/checkin/today_status/ HTTP/1.1" 200 284
[INFO] 2026-06-17 16:34:07,517 basehttp "GET /api/checkin/streak/ HTTP/1.1" 200 119
[INFO] 2026-06-17 16:34:07,517 basehttp "GET /api/checkin/calendar/?year=2026&month=6 HTTP/1.1" 200 104
[INFO] 2026-06-17 16:34:08,046 basehttp "GET /api/checkin/today_status/ HTTP/1.1" 200 284
[INFO] 2026-06-17 16:34:08,049 basehttp "GET /api/checkin/streak/ HTTP/1.1" 200 119
[INFO] 2026-06-17 16:34:08,050 basehttp "GET /api/checkin/calendar/?year=2026&month=6 HTTP/1.1" 200 104
[INFO] 2026-06-17 16:34:08,271 basehttp "GET /api/users/profile/ HTTP/1.1" 200 350
[INFO] 2026-06-17 16:34:08,272 basehttp "GET /api/checkin/today_status/ HTTP/1.1" 200 284
[INFO] 2026-06-17 16:34:08,276 basehttp "GET /api/words/daily_words/?count=5 HTTP/1.1" 200 1673
[INFO] 2026-06-17 16:34:43,014 basehttp "GET /api/users/profile/ HTTP/1.1" 200 350
[INFO] 2026-06-17 16:40:07,158 basehttp "GET /api/users/profile/ HTTP/1.1" 200 350
[INFO] 2026-06-17 16:40:13,713 basehttp "GET /api/users/profile/ HTTP/1.1" 200 350
[INFO] 2026-06-17 16:57:49,649 basehttp "GET /api/users/profile/ HTTP/1.1" 200 350
[INFO] 2026-06-17 16:57:49,658 basehttp "GET /api/checkin/today_status/ HTTP/1.1" 200 284
[INFO] 2026-06-17 16:57:49,666 basehttp "GET /api/words/daily_words/?count=5 HTTP/1.1" 200 1673
[INFO] 2026-06-17 16:57:49,669 basehttp "GET /api/users/profile/ HTTP/1.1" 200 350
[INFO] 2026-06-17 16:57:49,671 basehttp "GET /api/checkin/today_status/ HTTP/1.1" 200 284
[INFO] 2026-06-17 16:57:49,684 basehttp "GET /api/words/daily_words/?count=5 HTTP/1.1" 200 1672
[INFO] 2026-06-17 16:58:14,138 basehttp "GET /api/users/profile/ HTTP/1.1" 200 350
[INFO] 2026-06-17 16:58:15,797 basehttp "GET /api/users/login_logs/ HTTP/1.1" 200 477
[INFO] 2026-06-17 16:58:31,090 basehttp "GET /api/words/my_progress/ HTTP/1.1" 200 2251
[INFO] 2026-06-17 16:58:41,837 basehttp "GET /api/users/profile/ HTTP/1.1" 200 350
[INFO] 2026-06-17 16:58:43,421 basehttp "GET /api/words/categories/ HTTP/1.1" 200 57
[INFO] 2026-06-17 16:58:43,467 basehttp "GET /api/words/?page=1&page_size=20 HTTP/1.1" 200 6510
[INFO] 2026-06-17 16:58:44,420 basehttp "GET /api/users/profile/ HTTP/1.1" 200 350
[INFO] 2026-06-17 16:58:48,242 basehttp "GET /api/words/my_progress/ HTTP/1.1" 200 2251
[INFO] 2026-06-17 16:58:52,479 basehttp "GET /api/users/profile/ HTTP/1.1" 200 350
[INFO] 2026-06-17 16:58:53,182 basehttp "GET /api/users/login_logs/ HTTP/1.1" 200 477
[WARNING] 2026-06-17 21:19:22,279 log Unauthorized: /api/users/profile/
[WARNING] 2026-06-17 21:19:22,279 log Unauthorized: /api/words/daily_words/
[WARNING] 2026-06-17 21:19:22,280 log Unauthorized: /api/checkin/today_status/
[WARNING] 2026-06-17 21:19:22,281 basehttp "GET /api/users/profile/ HTTP/1.1" 401 53
[WARNING] 2026-06-17 21:19:22,283 basehttp "GET /api/words/daily_words/?count=5 HTTP/1.1" 401 53
[WARNING] 2026-06-17 21:19:22,283 basehttp "GET /api/checkin/today_status/ HTTP/1.1" 401 53
[WARNING] 2026-06-17 21:19:22,286 log Unauthorized: /api/users/profile/
[WARNING] 2026-06-17 21:19:22,286 log Unauthorized: /api/words/daily_words/
[WARNING] 2026-06-17 21:19:22,288 log Unauthorized: /api/checkin/today_status/
[WARNING] 2026-06-17 21:19:22,289 basehttp "GET /api/users/profile/ HTTP/1.1" 401 53
[WARNING] 2026-06-17 21:19:22,290 basehttp "GET /api/words/daily_words/?count=5 HTTP/1.1" 401 53
[WARNING] 2026-06-17 21:19:22,290 basehttp "GET /api/checkin/today_status/ HTTP/1.1" 401 53
[WARNING] 2026-06-17 21:19:29,238 views 微信登录失败: {'errcode': 40013, 'errmsg': 'invalid appid, rid: 6a329ee1-42e3b691-3dbf540b'}
[INFO] 2026-06-17 21:19:29,267 basehttp "POST /api/auth/wechat-login/ HTTP/1.1" 200 987
[INFO] 2026-06-17 21:19:30,718 basehttp "GET /api/users/profile/ HTTP/1.1" 200 350
[INFO] 2026-06-17 21:19:30,722 basehttp "GET /api/checkin/today_status/ HTTP/1.1" 200 80
[INFO] 2026-06-17 21:19:30,735 basehttp "GET /api/users/profile/ HTTP/1.1" 200 350
[INFO] 2026-06-17 21:19:30,735 basehttp "GET /api/checkin/today_status/ HTTP/1.1" 200 80
[INFO] 2026-06-17 21:19:30,738 basehttp "GET /api/words/daily_words/?count=5 HTTP/1.1" 200 1672
[INFO] 2026-06-17 21:19:30,754 basehttp "GET /api/words/daily_words/?count=5 HTTP/1.1" 200 1672
[INFO] 2026-06-17 21:19:36,131 basehttp "GET /api/users/profile/ HTTP/1.1" 200 350
[INFO] 2026-06-17 21:19:39,701 basehttp "GET /api/users/login_logs/ HTTP/1.1" 200 477
[INFO] 2026-06-17 21:19:59,382 basehttp "GET /api/words/my_progress/ HTTP/1.1" 200 140
[INFO] 2026-06-17 21:20:01,466 basehttp "GET /api/users/profile/ HTTP/1.1" 200 350
[INFO] 2026-06-17 21:20:02,801 basehttp "GET /api/words/categories/ HTTP/1.1" 200 57
[INFO] 2026-06-17 21:20:02,838 basehttp "GET /api/words/?page=1&page_size=20 HTTP/1.1" 200 6512
[INFO] 2026-06-17 21:20:04,080 basehttp "GET /api/users/profile/ HTTP/1.1" 200 350
[INFO] 2026-06-17 21:20:08,170 basehttp "GET /api/users/profile/ HTTP/1.1" 200 350
[INFO] 2026-06-17 21:20:08,173 basehttp "GET /api/checkin/today_status/ HTTP/1.1" 200 80
[INFO] 2026-06-17 21:20:08,189 basehttp "GET /api/words/daily_words/?count=5 HTTP/1.1" 200 1676
[INFO] 2026-06-17 21:20:11,012 basehttp "GET /api/checkin/today_status/ HTTP/1.1" 200 80
[INFO] 2026-06-17 21:20:11,015 basehttp "GET /api/checkin/streak/ HTTP/1.1" 200 120
[INFO] 2026-06-17 21:20:11,015 basehttp "GET /api/checkin/calendar/?year=2026&month=6 HTTP/1.1" 200 92
[INFO] 2026-06-17 21:20:12,838 basehttp "GET /api/leaderboard/daily/ HTTP/1.1" 200 332
[INFO] 2026-06-17 21:20:15,016 basehttp "GET /api/leaderboard/weekly/ HTTP/1.1" 200 941
[INFO] 2026-06-17 21:20:15,364 basehttp "GET /api/leaderboard/monthly/ HTTP/1.1" 200 942
[INFO] 2026-06-17 21:20:15,721 basehttp "GET /api/leaderboard/alltime/ HTTP/1.1" 200 942
[INFO] 2026-06-17 21:20:17,363 basehttp "GET /api/users/profile/ HTTP/1.1" 200 350
[INFO] 2026-06-17 21:20:18,088 basehttp "GET /api/users/login_logs/ HTTP/1.1" 200 477
[INFO] 2026-06-17 21:20:20,261 basehttp "GET /api/words/my_progress/ HTTP/1.1" 200 140
[INFO] 2026-06-17 21:20:22,201 basehttp "GET /api/users/profile/ HTTP/1.1" 200 350
[INFO] 2026-06-17 21:20:24,604 basehttp "GET /api/users/profile/ HTTP/1.1" 200 350
[INFO] 2026-06-17 21:20:24,610 basehttp "GET /api/checkin/today_status/ HTTP/1.1" 200 80
[INFO] 2026-06-17 21:20:24,617 basehttp "GET /api/words/daily_words/?count=5 HTTP/1.1" 200 1694
[INFO] 2026-06-17 21:20:34,232 basehttp "GET /api/checkin/today_status/ HTTP/1.1" 200 80
[INFO] 2026-06-17 21:20:34,237 basehttp "GET /api/checkin/streak/ HTTP/1.1" 200 120
[INFO] 2026-06-17 21:20:34,237 basehttp "GET /api/checkin/calendar/?year=2026&month=6 HTTP/1.1" 200 92
[INFO] 2026-06-17 21:20:34,811 basehttp "GET /api/users/profile/ HTTP/1.1" 200 350
[INFO] 2026-06-17 21:20:34,818 basehttp "GET /api/checkin/today_status/ HTTP/1.1" 200 80
[INFO] 2026-06-17 21:20:34,823 basehttp "GET /api/words/daily_words/?count=5 HTTP/1.1" 200 1694
[INFO] 2026-06-17 21:20:54,759 basehttp "GET /api/checkin/today_status/ HTTP/1.1" 200 80
[INFO] 2026-06-17 21:20:54,760 basehttp "GET /api/checkin/streak/ HTTP/1.1" 200 120
[INFO] 2026-06-17 21:20:54,761 basehttp "GET /api/checkin/calendar/?year=2026&month=6 HTTP/1.1" 200 92
[INFO] 2026-06-17 21:20:55,620 basehttp "GET /api/users/profile/ HTTP/1.1" 200 350
[INFO] 2026-06-17 21:20:55,621 basehttp "GET /api/checkin/today_status/ HTTP/1.1" 200 80
[INFO] 2026-06-17 21:20:55,627 basehttp "GET /api/words/daily_words/?count=5 HTTP/1.1" 200 1676
[INFO] 2026-06-17 21:20:55,951 basehttp "GET /api/checkin/today_status/ HTTP/1.1" 200 80
[INFO] 2026-06-17 21:20:55,956 basehttp "GET /api/checkin/calendar/?year=2026&month=6 HTTP/1.1" 200 92
[INFO] 2026-06-17 21:20:55,956 basehttp "GET /api/checkin/streak/ HTTP/1.1" 200 120
[INFO] 2026-06-17 21:20:56,280 basehttp "GET /api/users/profile/ HTTP/1.1" 200 350
[INFO] 2026-06-17 21:20:56,287 basehttp "GET /api/checkin/today_status/ HTTP/1.1" 200 80
[INFO] 2026-06-17 21:20:56,293 basehttp "GET /api/words/daily_words/?count=5 HTTP/1.1" 200 1679
[INFO] 2026-06-17 21:20:56,558 basehttp "GET /api/checkin/today_status/ HTTP/1.1" 200 80
[INFO] 2026-06-17 21:20:56,561 basehttp "GET /api/checkin/calendar/?year=2026&month=6 HTTP/1.1" 200 92
[INFO] 2026-06-17 21:20:56,563 basehttp "GET /api/checkin/streak/ HTTP/1.1" 200 120
[INFO] 2026-06-17 21:20:57,452 basehttp "GET /api/users/profile/ HTTP/1.1" 200 350
[INFO] 2026-06-17 21:21:02,317 basehttp "GET /api/users/profile/ HTTP/1.1" 200 350
[INFO] 2026-06-17 21:21:02,325 basehttp "GET /api/checkin/today_status/ HTTP/1.1" 200 80
[INFO] 2026-06-17 21:21:02,330 basehttp "GET /api/words/daily_words/?count=5 HTTP/1.1" 200 1632
[INFO] 2026-06-17 21:21:10,072 basehttp "GET /api/checkin/today_status/ HTTP/1.1" 200 80
[INFO] 2026-06-17 21:21:10,082 basehttp "GET /api/checkin/streak/ HTTP/1.1" 200 120
[INFO] 2026-06-17 21:21:10,082 basehttp "GET /api/checkin/calendar/?year=2026&month=6 HTTP/1.1" 200 92
[INFO] 2026-06-17 21:21:10,553 basehttp "GET /api/users/profile/ HTTP/1.1" 200 350
[INFO] 2026-06-17 21:21:10,560 basehttp "GET /api/checkin/today_status/ HTTP/1.1" 200 80
[INFO] 2026-06-17 21:21:10,567 basehttp "GET /api/words/daily_words/?count=5 HTTP/1.1" 200 1664
[INFO] 2026-06-17 21:21:17,852 basehttp "GET /api/checkin/today_status/ HTTP/1.1" 200 80
[INFO] 2026-06-17 21:21:17,854 basehttp "GET /api/checkin/streak/ HTTP/1.1" 200 120
[INFO] 2026-06-17 21:21:17,854 basehttp "GET /api/checkin/calendar/?year=2026&month=6 HTTP/1.1" 200 92
[INFO] 2026-06-17 21:21:21,460 basehttp "POST /api/checkin/do_checkin/ HTTP/1.1" 200 350
[INFO] 2026-06-17 21:21:21,497 basehttp "GET /api/checkin/calendar/?year=2026&month=6 HTTP/1.1" 200 104
[INFO] 2026-06-17 21:21:24,841 basehttp "GET /api/checkin/today_status/ HTTP/1.1" 200 284
[INFO] 2026-06-17 21:21:24,845 basehttp "GET /api/checkin/streak/ HTTP/1.1" 200 119
[INFO] 2026-06-17 21:21:24,845 basehttp "GET /api/checkin/calendar/?year=2026&month=6 HTTP/1.1" 200 104
[INFO] 2026-06-17 21:21:31,529 basehttp "GET /api/checkin/today_status/ HTTP/1.1" 200 284
[INFO] 2026-06-17 21:21:31,531 basehttp "GET /api/checkin/streak/ HTTP/1.1" 200 119
[INFO] 2026-06-17 21:21:31,531 basehttp "GET /api/checkin/calendar/?year=2026&month=6 HTTP/1.1" 200 104
[INFO] 2026-06-17 21:21:36,762 basehttp "GET /api/checkin/calendar/?year=2026&month=5 HTTP/1.1" 200 92
[INFO] 2026-06-17 21:21:37,750 basehttp "GET /api/checkin/calendar/?year=2026&month=6 HTTP/1.1" 200 104
[INFO] 2026-06-17 21:21:44,134 basehttp "GET /api/users/profile/ HTTP/1.1" 200 350
[INFO] 2026-06-17 21:21:45,230 basehttp "GET /api/users/profile/ HTTP/1.1" 200 350
[INFO] 2026-06-17 21:21:46,270 basehttp "GET /api/users/profile/ HTTP/1.1" 200 350
[INFO] 2026-06-17 21:21:46,756 basehttp "GET /api/users/profile/ HTTP/1.1" 200 350
[INFO] 2026-06-17 21:21:47,277 basehttp "GET /api/users/profile/ HTTP/1.1" 200 350
[INFO] 2026-06-17 21:21:47,845 basehttp "GET /api/checkin/today_status/ HTTP/1.1" 200 284
[INFO] 2026-06-17 21:21:47,849 basehttp "GET /api/checkin/streak/ HTTP/1.1" 200 119
[INFO] 2026-06-17 21:21:47,852 basehttp "GET /api/checkin/calendar/?year=2026&month=6 HTTP/1.1" 200 104
[INFO] 2026-06-17 21:21:48,298 basehttp "GET /api/users/profile/ HTTP/1.1" 200 350
[INFO] 2026-06-17 21:21:48,304 basehttp "GET /api/checkin/today_status/ HTTP/1.1" 200 284
[INFO] 2026-06-17 21:21:48,308 basehttp "GET /api/words/daily_words/?count=5 HTTP/1.1" 200 1672
[INFO] 2026-06-17 21:21:48,830 basehttp "GET /api/checkin/today_status/ HTTP/1.1" 200 284
[INFO] 2026-06-17 21:21:48,831 basehttp "GET /api/checkin/calendar/?year=2026&month=6 HTTP/1.1" 200 104
[INFO] 2026-06-17 21:21:48,831 basehttp "GET /api/checkin/streak/ HTTP/1.1" 200 119
[INFO] 2026-06-17 21:21:49,310 basehttp "GET /api/users/profile/ HTTP/1.1" 200 350
[INFO] 2026-06-17 21:21:49,311 basehttp "GET /api/checkin/today_status/ HTTP/1.1" 200 284
[INFO] 2026-06-17 21:21:49,314 basehttp "GET /api/words/daily_words/?count=5 HTTP/1.1" 200 1650
[INFO] 2026-06-17 21:21:49,530 basehttp "GET /api/checkin/today_status/ HTTP/1.1" 200 284
[INFO] 2026-06-17 21:21:49,532 basehttp "GET /api/checkin/streak/ HTTP/1.1" 200 119
[INFO] 2026-06-17 21:21:49,532 basehttp "GET /api/checkin/calendar/?year=2026&month=6 HTTP/1.1" 200 104
[INFO] 2026-06-17 21:21:49,987 basehttp "GET /api/checkin/today_status/ HTTP/1.1" 200 284
[INFO] 2026-06-17 21:21:49,989 basehttp "GET /api/checkin/streak/ HTTP/1.1" 200 119
[INFO] 2026-06-17 21:21:49,990 basehttp "GET /api/checkin/calendar/?year=2026&month=6 HTTP/1.1" 200 104
[INFO] 2026-06-17 21:21:50,154 basehttp "GET /api/users/profile/ HTTP/1.1" 200 350
[INFO] 2026-06-17 21:21:50,159 basehttp "GET /api/checkin/today_status/ HTTP/1.1" 200 284
[INFO] 2026-06-17 21:21:50,167 basehttp "GET /api/words/daily_words/?count=5 HTTP/1.1" 200 1662
[INFO] 2026-06-17 21:21:50,350 basehttp "GET /api/checkin/today_status/ HTTP/1.1" 200 284
[INFO] 2026-06-17 21:21:50,354 basehttp "GET /api/checkin/streak/ HTTP/1.1" 200 119
[INFO] 2026-06-17 21:21:50,354 basehttp "GET /api/checkin/calendar/?year=2026&month=6 HTTP/1.1" 200 104
[INFO] 2026-06-17 21:21:50,722 basehttp "GET /api/checkin/today_status/ HTTP/1.1" 200 284
[INFO] 2026-06-17 21:21:50,727 basehttp "GET /api/checkin/calendar/?year=2026&month=6 HTTP/1.1" 200 104
[INFO] 2026-06-17 21:21:50,727 basehttp "GET /api/checkin/streak/ HTTP/1.1" 200 119
[INFO] 2026-06-17 21:21:50,973 basehttp "GET /api/users/profile/ HTTP/1.1" 200 350
[INFO] 2026-06-17 21:21:50,981 basehttp "GET /api/checkin/today_status/ HTTP/1.1" 200 284
[INFO] 2026-06-17 21:21:50,986 basehttp "GET /api/words/daily_words/?count=5 HTTP/1.1" 200 1705
[INFO] 2026-06-17 21:21:51,394 basehttp "GET /api/checkin/today_status/ HTTP/1.1" 200 284
[INFO] 2026-06-17 21:21:51,397 basehttp "GET /api/checkin/calendar/?year=2026&month=6 HTTP/1.1" 200 104
[INFO] 2026-06-17 21:21:51,397 basehttp "GET /api/checkin/streak/ HTTP/1.1" 200 119
[INFO] 2026-06-17 21:21:51,873 basehttp "GET /api/checkin/today_status/ HTTP/1.1" 200 284
[INFO] 2026-06-17 21:21:51,874 basehttp "GET /api/checkin/calendar/?year=2026&month=6 HTTP/1.1" 200 104
[INFO] 2026-06-17 21:21:51,875 basehttp "GET /api/checkin/streak/ HTTP/1.1" 200 119
[INFO] 2026-06-17 21:21:53,888 basehttp "GET /api/users/profile/ HTTP/1.1" 200 350
[INFO] 2026-06-17 21:21:53,898 basehttp "GET /api/checkin/today_status/ HTTP/1.1" 200 284
[INFO] 2026-06-17 21:21:53,912 basehttp "GET /api/words/daily_words/?count=5 HTTP/1.1" 200 1708
[INFO] 2026-06-17 21:21:54,441 basehttp "GET /api/checkin/today_status/ HTTP/1.1" 200 284
[INFO] 2026-06-17 21:21:54,446 basehttp "GET /api/checkin/calendar/?year=2026&month=6 HTTP/1.1" 200 104
[INFO] 2026-06-17 21:21:54,446 basehttp "GET /api/checkin/streak/ HTTP/1.1" 200 119
[INFO] 2026-06-17 21:21:54,868 basehttp "GET /api/checkin/today_status/ HTTP/1.1" 200 284
[INFO] 2026-06-17 21:21:54,868 basehttp "GET /api/checkin/streak/ HTTP/1.1" 200 119
[INFO] 2026-06-17 21:21:54,869 basehttp "GET /api/checkin/calendar/?year=2026&month=6 HTTP/1.1" 200 104
[INFO] 2026-06-17 21:21:55,061 basehttp "GET /api/users/profile/ HTTP/1.1" 200 350
[INFO] 2026-06-17 21:21:55,061 basehttp "GET /api/checkin/today_status/ HTTP/1.1" 200 284
[INFO] 2026-06-17 21:21:55,066 basehttp "GET /api/words/daily_words/?count=5 HTTP/1.1" 200 1677
[INFO] 2026-06-17 21:21:55,410 basehttp "GET /api/checkin/today_status/ HTTP/1.1" 200 284
[INFO] 2026-06-17 21:21:55,412 basehttp "GET /api/checkin/streak/ HTTP/1.1" 200 119
[INFO] 2026-06-17 21:21:55,413 basehttp "GET /api/checkin/calendar/?year=2026&month=6 HTTP/1.1" 200 104
[INFO] 2026-06-17 21:21:55,811 basehttp "GET /api/checkin/today_status/ HTTP/1.1" 200 284
[INFO] 2026-06-17 21:21:55,817 basehttp "GET /api/checkin/streak/ HTTP/1.1" 200 119
[INFO] 2026-06-17 21:21:55,818 basehttp "GET /api/checkin/calendar/?year=2026&month=6 HTTP/1.1" 200 104
[INFO] 2026-06-17 21:21:56,017 basehttp "GET /api/users/profile/ HTTP/1.1" 200 350
[INFO] 2026-06-17 21:21:56,023 basehttp "GET /api/checkin/today_status/ HTTP/1.1" 200 284
[INFO] 2026-06-17 21:21:56,026 basehttp "GET /api/words/daily_words/?count=5 HTTP/1.1" 200 1728
[INFO] 2026-06-17 21:21:56,365 basehttp "GET /api/checkin/today_status/ HTTP/1.1" 200 284
[INFO] 2026-06-17 21:21:56,368 basehttp "GET /api/checkin/calendar/?year=2026&month=6 HTTP/1.1" 200 104
[INFO] 2026-06-17 21:21:56,368 basehttp "GET /api/checkin/streak/ HTTP/1.1" 200 119
[INFO] 2026-06-17 21:21:57,742 basehttp "GET /api/users/profile/ HTTP/1.1" 200 350
[INFO] 2026-06-17 21:21:57,746 basehttp "GET /api/checkin/today_status/ HTTP/1.1" 200 284
[INFO] 2026-06-17 21:21:57,749 basehttp "GET /api/words/daily_words/?count=5 HTTP/1.1" 200 1614
[INFO] 2026-06-17 21:22:00,217 basehttp "GET /api/checkin/today_status/ HTTP/1.1" 200 284
[INFO] 2026-06-17 21:22:00,217 basehttp "GET /api/checkin/calendar/?year=2026&month=6 HTTP/1.1" 200 104
[INFO] 2026-06-17 21:22:00,218 basehttp "GET /api/checkin/streak/ HTTP/1.1" 200 119
[INFO] 2026-06-17 21:22:00,551 basehttp "GET /api/users/profile/ HTTP/1.1" 200 350
[INFO] 2026-06-17 21:22:00,559 basehttp "GET /api/checkin/today_status/ HTTP/1.1" 200 284
[INFO] 2026-06-17 21:22:00,567 basehttp "GET /api/words/daily_words/?count=5 HTTP/1.1" 200 1715
[INFO] 2026-07-01 14:52:10,894 autoreload Watching for file changes with StatReloader
[INFO] 2026-07-01 14:52:14,167 basehttp "GET /admin/ HTTP/1.1" 302 0
[INFO] 2026-07-01 14:52:14,218 basehttp "GET /admin/login/?next=/admin/ HTTP/1.1" 200 4195
[INFO] 2026-07-01 14:52:24,230 basehttp "GET /admin/ HTTP/1.1" 302 0
[INFO] 2026-07-01 14:52:24,244 basehttp "GET /admin/login/?next=/admin/ HTTP/1.1" 200 4195
[INFO] 2026-07-01 14:52:24,591 basehttp "GET /static/admin/css/base.css HTTP/1.1" 200 21310
[INFO] 2026-07-01 14:52:24,595 basehttp "GET /static/admin/css/dark_mode.css HTTP/1.1" 200 2929
[INFO] 2026-07-01 14:52:24,596 basehttp "GET /static/admin/js/nav_sidebar.js HTTP/1.1" 200 3063
[INFO] 2026-07-01 14:52:24,743 basehttp "GET /static/admin/css/login.css HTTP/1.1" 200 958
[INFO] 2026-07-01 14:52:24,746 basehttp "GET /static/admin/css/nav_sidebar.css HTTP/1.1" 200 2694
[INFO] 2026-07-01 14:52:24,752 basehttp "GET /static/admin/css/responsive.css HTTP/1.1" 200 18559
[INFO] 2026-07-01 14:52:24,807 basehttp "GET /static/admin/js/theme.js HTTP/1.1" 200 1943
[WARNING] 2026-07-01 14:52:24,865 log Not Found: /favicon.ico
[WARNING] 2026-07-01 14:52:24,865 basehttp "GET /favicon.ico HTTP/1.1" 404 2567
[INFO] 2026-07-01 14:52:37,501 basehttp "POST /admin/login/?next=/admin/ HTTP/1.1" 200 4327
[INFO] 2026-07-01 14:52:42,884 basehttp "POST /admin/login/?next=/admin/ HTTP/1.1" 302 0
[INFO] 2026-07-01 14:52:42,920 basehttp "GET /admin/ HTTP/1.1" 200 8818
[INFO] 2026-07-01 14:52:42,959 basehttp "GET /static/admin/css/dashboard.css HTTP/1.1" 200 441
[INFO] 2026-07-01 14:52:42,985 basehttp "GET /static/admin/img/icon-changelink.svg HTTP/1.1" 200 380
[INFO] 2026-07-01 14:52:42,985 basehttp "GET /static/admin/img/icon-addlink.svg HTTP/1.1" 200 331
[INFO] 2026-07-01 14:53:06,872 basehttp "GET /admin/words/word/add/ HTTP/1.1" 200 15744
[INFO] 2026-07-01 14:53:06,922 basehttp "GET /static/admin/css/forms.css HTTP/1.1" 200 9090
[INFO] 2026-07-01 14:53:06,926 basehttp "GET /static/admin/js/jquery.init.js HTTP/1.1" 200 347
[INFO] 2026-07-01 14:53:06,930 basehttp "GET /static/admin/js/core.js HTTP/1.1" 200 5682
[INFO] 2026-07-01 14:53:06,931 basehttp "GET /static/admin/js/admin/RelatedObjectLookups.js HTTP/1.1" 200 8943
[INFO] 2026-07-01 14:53:06,933 basehttp "GET /admin/jsi18n/ HTTP/1.1" 200 8560
[INFO] 2026-07-01 14:53:06,933 basehttp "GET /static/admin/js/actions.js HTTP/1.1" 200 7872
[INFO] 2026-07-01 14:53:06,936 basehttp "GET /static/admin/js/urlify.js HTTP/1.1" 200 7887
[INFO] 2026-07-01 14:53:06,937 basehttp "GET /static/admin/js/prepopulate.js HTTP/1.1" 200 1531
[INFO] 2026-07-01 14:53:06,941 basehttp "GET /static/admin/js/prepopulate_init.js HTTP/1.1" 200 586
[INFO] 2026-07-01 14:53:06,941 basehttp "GET /static/admin/js/vendor/jquery/jquery.js HTTP/1.1" 200 292458
[INFO] 2026-07-01 14:53:06,941 basehttp "GET /static/admin/css/widgets.css HTTP/1.1" 200 11921
[INFO] 2026-07-01 14:53:06,942 basehttp "GET /static/admin/js/vendor/xregexp/xregexp.js HTTP/1.1" 200 232381
[INFO] 2026-07-01 14:53:06,949 basehttp "GET /static/admin/js/change_form.js HTTP/1.1" 200 606
[INFO] 2026-07-01 14:53:17,098 basehttp "GET /admin/words/word/add/ HTTP/1.1" 200 15744
[INFO] 2026-07-01 14:53:17,136 basehttp "GET /admin/jsi18n/ HTTP/1.1" 200 8560
[INFO] 2026-07-01 14:53:17,890 basehttp "GET /admin/words/word/add/ HTTP/1.1" 200 15744
[INFO] 2026-07-01 14:53:17,920 basehttp "GET /admin/jsi18n/ HTTP/1.1" 200 8560
[INFO] 2026-07-01 14:53:19,132 basehttp "GET /admin/ HTTP/1.1" 200 8818
[INFO] 2026-07-01 14:53:20,462 basehttp "GET /admin/ HTTP/1.1" 200 8818
[INFO] 2026-07-01 14:53:23,710 basehttp "GET /admin/checkin/checkin/ HTTP/1.1" 200 15438
[INFO] 2026-07-01 14:53:23,757 basehttp "GET /static/admin/css/changelists.css HTTP/1.1" 200 6566
[INFO] 2026-07-01 14:53:23,765 basehttp "GET /admin/jsi18n/ HTTP/1.1" 200 8560
[INFO] 2026-07-01 14:53:23,778 basehttp "GET /static/admin/img/search.svg HTTP/1.1" 200 458
[INFO] 2026-07-01 14:53:23,780 basehttp "GET /static/admin/js/filters.js HTTP/1.1" 200 978
[INFO] 2026-07-01 14:53:23,791 basehttp "GET /static/admin/img/tooltag-add.svg HTTP/1.1" 200 331
[INFO] 2026-07-01 14:53:23,793 basehttp "GET /static/admin/img/sorting-icons.svg HTTP/1.1" 200 1097
[INFO] 2026-07-01 14:53:27,480 basehttp "GET /admin/ HTTP/1.1" 200 8818
[INFO] 2026-07-01 14:53:30,556 basehttp "GET /admin/ HTTP/1.1" 200 8818
[INFO] 2026-07-01 14:53:31,259 basehttp "GET /admin/ HTTP/1.1" 200 8818
[INFO] 2026-07-01 14:53:31,804 basehttp "GET /admin/ HTTP/1.1" 200 8818
[INFO] 2026-07-01 14:53:32,259 basehttp "GET /admin/ HTTP/1.1" 200 8818
[INFO] 2026-07-01 14:58:20,159 autoreload Watching for file changes with StatReloader
[INFO] 2026-07-01 14:58:23,025 basehttp "GET /admin/ HTTP/1.1" 302 0
[INFO] 2026-07-01 14:59:05,422 basehttp "GET /admin/ HTTP/1.1" 200 8818
[INFO] 2026-07-01 14:59:06,789 basehttp "GET /admin/ HTTP/1.1" 200 8818
[INFO] 2026-07-01 14:59:07,258 basehttp "GET /admin/ HTTP/1.1" 200 8818
[WARNING] 2026-07-01 14:59:38,601 log Not Found: /
[WARNING] 2026-07-01 14:59:38,601 basehttp "GET / HTTP/1.1" 404 2516
[INFO] 2026-07-01 14:59:40,211 basehttp "GET /admin/ HTTP/1.1" 200 8818
[INFO] 2026-07-01 15:01:21,672 autoreload D:\毕业设计\backend\config\settings.py changed, reloading.
[INFO] 2026-07-01 15:01:22,313 autoreload D:\毕业设计\backend\config\settings.py changed, reloading.
[INFO] 2026-07-01 15:01:22,436 autoreload Watching for file changes with StatReloader
[INFO] 2026-07-01 15:01:23,436 autoreload Watching for file changes with StatReloader
[INFO] 2026-07-01 15:01:48,741 autoreload Watching for file changes with StatReloader
[INFO] 2026-07-01 15:01:51,235 basehttp "GET /admin/ HTTP/1.1" 302 0
[INFO] 2026-07-01 15:02:07,350 basehttp "GET /admin/ HTTP/1.1" 200 19039
[INFO] 2026-07-01 15:02:07,682 basehttp "GET /static/admin/simpleui-x/elementui/theme-chalk/index.css HTTP/1.1" 200 240033
[INFO] 2026-07-01 15:02:07,692 basehttp "GET /static/admin/simpleui-x/elementui/index.js?_=2026.01.13 HTTP/1.1" 200 664912
[INFO] 2026-07-01 15:02:07,702 basehttp "GET /static/admin/simpleui-x/elementui/umd/locale/en.js?_=2026.01.13 HTTP/1.1" 200 3516
[INFO] 2026-07-01 15:02:07,717 basehttp "GET /static/admin/simpleui-x/automatic/dicts.js?_=2026.01.13 HTTP/1.1" 200 12677
[INFO] 2026-07-01 15:02:07,722 basehttp "GET /static/admin/simpleui-x/automatic/segment.js?_=2026.01.13 HTTP/1.1" 200 1194
[INFO] 2026-07-01 15:02:07,725 basehttp "GET /static/admin/simpleui-x/css/index.css?_=3.2 HTTP/1.1" 200 7007
[INFO] 2026-07-01 15:02:07,730 basehttp "GET /static/admin/simpleui-x/locale/en-us.js?_=2026.01.13 HTTP/1.1" 200 811
[INFO] 2026-07-01 15:02:07,733 basehttp "GET /static/admin/simpleui-x/locale/zh-hans.js?_=2026.01.13 HTTP/1.1" 200 1254
[INFO] 2026-07-01 15:02:07,740 basehttp "GET /static/admin/simpleui-x/js/cookie.js?_=2026.01.13 HTTP/1.1" 200 524
[INFO] 2026-07-01 15:02:07,741 basehttp "GET /static/admin/simpleui-x/fontawesome-free-6.2.0-web/css/all.min.css HTTP/1.1" 200 101784
[INFO] 2026-07-01 15:02:07,742 basehttp "GET /static/admin/simpleui-x/waves/waves.min.css?_=2.1 HTTP/1.1" 200 3861
[INFO] 2026-07-01 15:02:07,742 basehttp "GET /static/admin/simpleui-x/theme/theme.js?_=2026.01.13 HTTP/1.1" 200 4274
[INFO] 2026-07-01 15:02:07,747 basehttp "GET /static/admin/simpleui-x/waves/waves.min.js?_=2026.01.13 HTTP/1.1" 200 6329
[INFO] 2026-07-01 15:02:07,748 basehttp "GET /static/admin/simpleui-x/js/menu.js?_=2026.01.13 HTTP/1.1" 200 1192
[INFO] 2026-07-01 15:02:07,749 basehttp "GET /static/admin/simpleui-x/js/index.js?_=2026.01.13 HTTP/1.1" 200 21589
[INFO] 2026-07-01 15:02:07,821 basehttp "GET /static/admin/simpleui-x/js/vue.min.js?_=2026.01.13 HTTP/1.1" 200 93675
[INFO] 2026-07-01 15:02:07,826 basehttp "GET /static/admin/simpleui-x/img/logo.png HTTP/1.1" 200 115997
[INFO] 2026-07-01 15:02:07,916 basehttp "GET /static/admin/simpleui-x/elementui/theme-chalk/fonts/element-icons.woff HTTP/1.1" 200 28200
[INFO] 2026-07-01 15:02:07,916 basehttp "GET /static/admin/simpleui-x/fontawesome-free-6.2.0-web/webfonts/fa-regular-400.woff2 HTTP/1.1" 200 25096
[INFO] 2026-07-01 15:02:07,918 basehttp "GET /static/admin/simpleui-x/fontawesome-free-6.2.0-web/webfonts/fa-brands-400.woff2 HTTP/1.1" 200 107460
[INFO] 2026-07-01 15:02:07,918 basehttp "GET /static/admin/simpleui-x/fontawesome-free-6.2.0-web/webfonts/fa-solid-900.woff2 HTTP/1.1" 200 150472
[WARNING] 2026-07-01 15:02:10,539 log Not Found: /
[WARNING] 2026-07-01 15:02:10,539 basehttp "GET / HTTP/1.1" 404 2516
[INFO] 2026-07-01 15:02:21,570 basehttp "GET /admin/words/word/ HTTP/1.1" 200 73218
[INFO] 2026-07-01 15:02:21,597 basehttp "GET /static/admin/simpleui-x/elementui/theme-chalk/index.css HTTP/1.1" 304 0
[INFO] 2026-07-01 15:02:21,598 basehttp "GET /static/admin/simpleui-x/fontawesome-free-6.2.0-web/css/all.min.css HTTP/1.1" 304 0
[INFO] 2026-07-01 15:02:21,599 basehttp "GET /static/admin/simpleui-x/js/vue.min.js?_=2026.01.13 HTTP/1.1" 304 0
[INFO] 2026-07-01 15:02:21,601 basehttp "GET /static/admin/simpleui-x/css/base.css?_=2.7 HTTP/1.1" 200 4985
[INFO] 2026-07-01 15:02:21,601 basehttp "GET /static/admin/simpleui-x/theme/simpleui.css HTTP/1.1" 200 4270
[INFO] 2026-07-01 15:02:21,602 basehttp "GET /static/admin/css/base.css?_=2.7 HTTP/1.1" 200 21310
[INFO] 2026-07-01 15:02:21,602 basehttp "GET /static/admin/simpleui-x/elementui/index.js?_=2026.01.13 HTTP/1.1" 304 0
[INFO] 2026-07-01 15:02:21,602 basehttp "GET /static/admin/css/changelists.css?_=20180905 HTTP/1.1" 200 6566
[INFO] 2026-07-01 15:02:21,610 basehttp "GET /static/admin/css/responsive.css?_=20180905 HTTP/1.1" 200 18559
[INFO] 2026-07-01 15:02:21,610 basehttp "GET /static/admin/simpleui-x/elementui/umd/locale/en.js?_=2026.01.13 HTTP/1.1" 304 0
[INFO] 2026-07-01 15:02:21,612 basehttp "GET /static/admin/simpleui-x/js/language.js?_=2.1.2 HTTP/1.1" 200 189
[INFO] 2026-07-01 15:02:21,612 basehttp "GET /static/admin/simpleui-x/locale/zh-hans.js HTTP/1.1" 200 1254
[INFO] 2026-07-01 15:02:21,612 basehttp "GET /static/admin/simpleui-x/locale/en-us.js?_=2.1.2 HTTP/1.1" 200 811
[INFO] 2026-07-01 15:02:21,612 basehttp "GET /static/admin/simpleui-x/js/cookie.js HTTP/1.1" 200 524
[INFO] 2026-07-01 15:02:21,619 basehttp "GET /static/admin/simpleui-x/automatic/segment.js HTTP/1.1" 200 1194
[INFO] 2026-07-01 15:02:21,621 basehttp "GET /static/admin/simpleui-x/automatic/dicts.js HTTP/1.1" 200 12677
[INFO] 2026-07-01 15:02:21,621 basehttp "GET /static/admin/simpleui-x/js/axios.min.js HTTP/1.1" 200 14237
[INFO] 2026-07-01 15:02:21,621 basehttp "GET /admin/jsi18n/ HTTP/1.1" 200 8560
[INFO] 2026-07-01 15:02:21,623 basehttp "GET /static/admin/js/vendor/jquery/jquery.min.js HTTP/1.1" 200 89795
[INFO] 2026-07-01 15:02:21,684 basehttp "GET /static/admin/simpleui-x/elementui/theme-chalk/fonts/element-icons.woff HTTP/1.1" 304 0
[ERROR] 2026-07-01 15:02:26,560 log Internal Server Error: /admin/words/wordprogress/
Traceback (most recent call last):
  File "D:\毕业设计\backend\.venv\Lib\site-packages\django\core\handlers\exception.py", line 55, in inner
    response = get_response(request)
               ^^^^^^^^^^^^^^^^^^^^^
  File "D:\毕业设计\backend\.venv\Lib\site-packages\django\core\handlers\base.py", line 220, in _get_response
    response = response.render()
               ^^^^^^^^^^^^^^^^^
  File "D:\毕业设计\backend\.venv\Lib\site-packages\django\template\response.py", line 114, in render
    self.content = self.rendered_content
                   ^^^^^^^^^^^^^^^^^^^^^
  File "D:\毕业设计\backend\.venv\Lib\site-packages\django\template\response.py", line 92, in rendered_content
    return template.render(context, self._request)
           ^^^^^^^^^^^^^^^^^^^^^^^^^^^^^^^^^^^^^^^
  File "D:\毕业设计\backend\.venv\Lib\site-packages\django\template\backends\django.py", line 61, in render
    return self.template.render(context)
           ^^^^^^^^^^^^^^^^^^^^^^^^^^^^^
  File "D:\毕业设计\backend\.venv\Lib\site-packages\django\template\base.py", line 175, in render
    return self._render(context)
           ^^^^^^^^^^^^^^^^^^^^^
  File "D:\毕业设计\backend\.venv\Lib\site-packages\django\template\base.py", line 167, in _render
    return self.nodelist.render(context)
           ^^^^^^^^^^^^^^^^^^^^^^^^^^^^^
  File "D:\毕业设计\backend\.venv\Lib\site-packages\django\template\base.py", line 1005, in render
    return SafeString("".join([node.render_annotated(context) for node in self]))
                               ^^^^^^^^^^^^^^^^^^^^^^^^^^^^^^
  File "D:\毕业设计\backend\.venv\Lib\site-packages\django\template\base.py", line 966, in render_annotated
    return self.render(context)
           ^^^^^^^^^^^^^^^^^^^^
  File "D:\毕业设计\backend\.venv\Lib\site-packages\django\template\loader_tags.py", line 157, in render
    return compiled_parent._render(context)
           ^^^^^^^^^^^^^^^^^^^^^^^^^^^^^^^^
  File "D:\毕业设计\backend\.venv\Lib\site-packages\django\template\base.py", line 167, in _render
    return self.nodelist.render(context)
           ^^^^^^^^^^^^^^^^^^^^^^^^^^^^^
  File "D:\毕业设计\backend\.venv\Lib\site-packages\django\template\base.py", line 1005, in render
    return SafeString("".join([node.render_annotated(context) for node in self]))
                               ^^^^^^^^^^^^^^^^^^^^^^^^^^^^^^
  File "D:\毕业设计\backend\.venv\Lib\site-packages\django\template\base.py", line 966, in render_annotated
    return self.render(context)
           ^^^^^^^^^^^^^^^^^^^^
  File "D:\毕业设计\backend\.venv\Lib\site-packages\django\template\loader_tags.py", line 157, in render
    return compiled_parent._render(context)
           ^^^^^^^^^^^^^^^^^^^^^^^^^^^^^^^^
  File "D:\毕业设计\backend\.venv\Lib\site-packages\django\template\base.py", line 167, in _render
    return self.nodelist.render(context)
           ^^^^^^^^^^^^^^^^^^^^^^^^^^^^^
  File "D:\毕业设计\backend\.venv\Lib\site-packages\django\template\base.py", line 1005, in render
    return SafeString("".join([node.render_annotated(context) for node in self]))
                               ^^^^^^^^^^^^^^^^^^^^^^^^^^^^^^
  File "D:\毕业设计\backend\.venv\Lib\site-packages\django\template\base.py", line 966, in render_annotated
    return self.render(context)
           ^^^^^^^^^^^^^^^^^^^^
  File "D:\毕业设计\backend\.venv\Lib\site-packages\django\template\loader_tags.py", line 63, in render
    result = block.nodelist.render(context)
             ^^^^^^^^^^^^^^^^^^^^^^^^^^^^^^
  File "D:\毕业设计\backend\.venv\Lib\site-packages\django\template\base.py", line 1005, in render
    return SafeString("".join([node.render_annotated(context) for node in self]))
                               ^^^^^^^^^^^^^^^^^^^^^^^^^^^^^^
  File "D:\毕业设计\backend\.venv\Lib\site-packages\django\template\base.py", line 966, in render_annotated
    return self.render(context)
           ^^^^^^^^^^^^^^^^^^^^
  File "D:\毕业设计\backend\.venv\Lib\site-packages\django\template\loader_tags.py", line 63, in render
    result = block.nodelist.render(context)
             ^^^^^^^^^^^^^^^^^^^^^^^^^^^^^^
  File "D:\毕业设计\backend\.venv\Lib\site-packages\django\template\base.py", line 1005, in render
    return SafeString("".join([node.render_annotated(context) for node in self]))
                               ^^^^^^^^^^^^^^^^^^^^^^^^^^^^^^
  File "D:\毕业设计\backend\.venv\Lib\site-packages\django\template\base.py", line 966, in render_annotated
    return self.render(context)
           ^^^^^^^^^^^^^^^^^^^^
  File "D:\毕业设计\backend\.venv\Lib\site-packages\django\contrib\admin\templatetags\base.py", line 45, in render
    return super().render(context)
           ^^^^^^^^^^^^^^^^^^^^^^^
  File "D:\毕业设计\backend\.venv\Lib\site-packages\django\template\library.py", line 258, in render
    _dict = self.func(*resolved_args, **resolved_kwargs)
            ^^^^^^^^^^^^^^^^^^^^^^^^^^^^^^^^^^^^^^^^^^^^
  File "D:\毕业设计\backend\.venv\Lib\site-packages\django\contrib\admin\templatetags\admin_list.py", line 413, in date_hierarchy
    "choices": [
               ^
  File "D:\毕业设计\backend\.venv\Lib\site-packages\django\db\models\query.py", line 400, in __iter__
    self._fetch_all()
  File "D:\毕业设计\backend\.venv\Lib\site-packages\django\db\models\query.py", line 1886, in _fetch_all
    self._result_cache = list(self._iterable_class(self))
                         ^^^^^^^^^^^^^^^^^^^^^^^^^^^^^^^^
  File "D:\毕业设计\backend\.venv\Lib\site-packages\django\db\models\query.py", line 287, in __iter__
    for row in compiler.results_iter(
  File "D:\毕业设计\backend\.venv\Lib\site-packages\django\db\models\sql\compiler.py", line 1500, in apply_converters
    value = converter(value, expression, connection)
            ^^^^^^^^^^^^^^^^^^^^^^^^^^^^^^^^^^^^^^^^
  File "D:\毕业设计\backend\.venv\Lib\site-packages\django\db\models\functions\datetime.py", line 348, in convert_value
    raise ValueError(
ValueError: Database returned an invalid datetime value. Are time zone definitions for your database installed?
[ERROR] 2026-07-01 15:02:26,572 basehttp "GET /admin/words/wordprogress/ HTTP/1.1" 500 365081
[INFO] 2026-07-01 15:02:37,532 basehttp "GET /admin/checkin/checkin/ HTTP/1.1" 200 39798
[INFO] 2026-07-01 15:02:37,561 basehttp "GET /static/admin/simpleui-x/elementui/theme-chalk/index.css HTTP/1.1" 304 0
[INFO] 2026-07-01 15:02:37,561 basehttp "GET /static/admin/simpleui-x/fontawesome-free-6.2.0-web/css/all.min.css HTTP/1.1" 304 0
[INFO] 2026-07-01 15:02:37,561 basehttp "GET /static/admin/simpleui-x/js/vue.min.js?_=2026.01.13 HTTP/1.1" 304 0
[INFO] 2026-07-01 15:02:37,561 basehttp "GET /static/admin/simpleui-x/css/base.css?_=2.7 HTTP/1.1" 304 0
[INFO] 2026-07-01 15:02:37,561 basehttp "GET /static/admin/simpleui-x/theme/simpleui.css HTTP/1.1" 304 0
[INFO] 2026-07-01 15:02:37,562 basehttp "GET /static/admin/simpleui-x/elementui/index.js?_=2026.01.13 HTTP/1.1" 304 0
[INFO] 2026-07-01 15:02:37,563 basehttp "GET /static/admin/simpleui-x/elementui/umd/locale/en.js?_=2026.01.13 HTTP/1.1" 304 0
[INFO] 2026-07-01 15:02:37,566 basehttp "GET /static/admin/simpleui-x/js/language.js?_=2.1.2 HTTP/1.1" 304 0
[INFO] 2026-07-01 15:02:37,568 basehttp "GET /static/admin/simpleui-x/locale/en-us.js?_=2.1.2 HTTP/1.1" 304 0
[INFO] 2026-07-01 15:02:37,568 basehttp "GET /static/admin/simpleui-x/js/cookie.js HTTP/1.1" 304 0
[INFO] 2026-07-01 15:02:37,570 basehttp "GET /static/admin/simpleui-x/locale/zh-hans.js HTTP/1.1" 304 0
[INFO] 2026-07-01 15:02:37,574 basehttp "GET /static/admin/simpleui-x/automatic/dicts.js HTTP/1.1" 304 0
[INFO] 2026-07-01 15:02:37,575 basehttp "GET /static/admin/simpleui-x/automatic/segment.js HTTP/1.1" 304 0
[INFO] 2026-07-01 15:02:37,577 basehttp "GET /static/admin/simpleui-x/js/axios.min.js HTTP/1.1" 304 0
[INFO] 2026-07-01 15:02:37,577 basehttp "GET /admin/jsi18n/ HTTP/1.1" 200 8560
[INFO] 2026-07-01 15:02:37,655 basehttp "GET /static/admin/simpleui-x/elementui/theme-chalk/fonts/element-icons.woff HTTP/1.1" 304 0
[ERROR] 2026-07-01 15:02:40,086 log Internal Server Error: /admin/users/loginlog/
Traceback (most recent call last):
  File "D:\毕业设计\backend\.venv\Lib\site-packages\django\core\handlers\exception.py", line 55, in inner
    response = get_response(request)
               ^^^^^^^^^^^^^^^^^^^^^
  File "D:\毕业设计\backend\.venv\Lib\site-packages\django\core\handlers\base.py", line 220, in _get_response
    response = response.render()
               ^^^^^^^^^^^^^^^^^
  File "D:\毕业设计\backend\.venv\Lib\site-packages\django\template\response.py", line 114, in render
    self.content = self.rendered_content
                   ^^^^^^^^^^^^^^^^^^^^^
  File "D:\毕业设计\backend\.venv\Lib\site-packages\django\template\response.py", line 92, in rendered_content
    return template.render(context, self._request)
           ^^^^^^^^^^^^^^^^^^^^^^^^^^^^^^^^^^^^^^^
  File "D:\毕业设计\backend\.venv\Lib\site-packages\django\template\backends\django.py", line 61, in render
    return self.template.render(context)
           ^^^^^^^^^^^^^^^^^^^^^^^^^^^^^
  File "D:\毕业设计\backend\.venv\Lib\site-packages\django\template\base.py", line 175, in render
    return self._render(context)
           ^^^^^^^^^^^^^^^^^^^^^
  File "D:\毕业设计\backend\.venv\Lib\site-packages\django\template\base.py", line 167, in _render
    return self.nodelist.render(context)
           ^^^^^^^^^^^^^^^^^^^^^^^^^^^^^
  File "D:\毕业设计\backend\.venv\Lib\site-packages\django\template\base.py", line 1005, in render
    return SafeString("".join([node.render_annotated(context) for node in self]))
                               ^^^^^^^^^^^^^^^^^^^^^^^^^^^^^^
  File "D:\毕业设计\backend\.venv\Lib\site-packages\django\template\base.py", line 966, in render_annotated
    return self.render(context)
           ^^^^^^^^^^^^^^^^^^^^
  File "D:\毕业设计\backend\.venv\Lib\site-packages\django\template\loader_tags.py", line 157, in render
    return compiled_parent._render(context)
           ^^^^^^^^^^^^^^^^^^^^^^^^^^^^^^^^
  File "D:\毕业设计\backend\.venv\Lib\site-packages\django\template\base.py", line 167, in _render
    return self.nodelist.render(context)
           ^^^^^^^^^^^^^^^^^^^^^^^^^^^^^
  File "D:\毕业设计\backend\.venv\Lib\site-packages\django\template\base.py", line 1005, in render
    return SafeString("".join([node.render_annotated(context) for node in self]))
                               ^^^^^^^^^^^^^^^^^^^^^^^^^^^^^^
  File "D:\毕业设计\backend\.venv\Lib\site-packages\django\template\base.py", line 966, in render_annotated
    return self.render(context)
           ^^^^^^^^^^^^^^^^^^^^
  File "D:\毕业设计\backend\.venv\Lib\site-packages\django\template\loader_tags.py", line 157, in render
    return compiled_parent._render(context)
           ^^^^^^^^^^^^^^^^^^^^^^^^^^^^^^^^
  File "D:\毕业设计\backend\.venv\Lib\site-packages\django\template\base.py", line 167, in _render
    return self.nodelist.render(context)
           ^^^^^^^^^^^^^^^^^^^^^^^^^^^^^
  File "D:\毕业设计\backend\.venv\Lib\site-packages\django\template\base.py", line 1005, in render
    return SafeString("".join([node.render_annotated(context) for node in self]))
                               ^^^^^^^^^^^^^^^^^^^^^^^^^^^^^^
  File "D:\毕业设计\backend\.venv\Lib\site-packages\django\template\base.py", line 966, in render_annotated
    return self.render(context)
           ^^^^^^^^^^^^^^^^^^^^
  File "D:\毕业设计\backend\.venv\Lib\site-packages\django\template\loader_tags.py", line 63, in render
    result = block.nodelist.render(context)
             ^^^^^^^^^^^^^^^^^^^^^^^^^^^^^^
  File "D:\毕业设计\backend\.venv\Lib\site-packages\django\template\base.py", line 1005, in render
    return SafeString("".join([node.render_annotated(context) for node in self]))
                               ^^^^^^^^^^^^^^^^^^^^^^^^^^^^^^
  File "D:\毕业设计\backend\.venv\Lib\site-packages\django\template\base.py", line 966, in render_annotated
    return self.render(context)
           ^^^^^^^^^^^^^^^^^^^^
  File "D:\毕业设计\backend\.venv\Lib\site-packages\django\template\loader_tags.py", line 63, in render
    result = block.nodelist.render(context)
             ^^^^^^^^^^^^^^^^^^^^^^^^^^^^^^
  File "D:\毕业设计\backend\.venv\Lib\site-packages\django\template\base.py", line 1005, in render
    return SafeString("".join([node.render_annotated(context) for node in self]))
                               ^^^^^^^^^^^^^^^^^^^^^^^^^^^^^^
  File "D:\毕业设计\backend\.venv\Lib\site-packages\django\template\base.py", line 966, in render_annotated
    return self.render(context)
           ^^^^^^^^^^^^^^^^^^^^
  File "D:\毕业设计\backend\.venv\Lib\site-packages\django\contrib\admin\templatetags\base.py", line 45, in render
    return super().render(context)
           ^^^^^^^^^^^^^^^^^^^^^^^
  File "D:\毕业设计\backend\.venv\Lib\site-packages\django\template\library.py", line 258, in render
    _dict = self.func(*resolved_args, **resolved_kwargs)
            ^^^^^^^^^^^^^^^^^^^^^^^^^^^^^^^^^^^^^^^^^^^^
  File "D:\毕业设计\backend\.venv\Lib\site-packages\django\contrib\admin\templatetags\admin_list.py", line 413, in date_hierarchy
    "choices": [
               ^
  File "D:\毕业设计\backend\.venv\Lib\site-packages\django\db\models\query.py", line 400, in __iter__
    self._fetch_all()
  File "D:\毕业设计\backend\.venv\Lib\site-packages\django\db\models\query.py", line 1886, in _fetch_all
    self._result_cache = list(self._iterable_class(self))
                         ^^^^^^^^^^^^^^^^^^^^^^^^^^^^^^^^
  File "D:\毕业设计\backend\.venv\Lib\site-packages\django\db\models\query.py", line 287, in __iter__
    for row in compiler.results_iter(
  File "D:\毕业设计\backend\.venv\Lib\site-packages\django\db\models\sql\compiler.py", line 1500, in apply_converters
    value = converter(value, expression, connection)
            ^^^^^^^^^^^^^^^^^^^^^^^^^^^^^^^^^^^^^^^^
  File "D:\毕业设计\backend\.venv\Lib\site-packages\django\db\models\functions\datetime.py", line 348, in convert_value
    raise ValueError(
ValueError: Database returned an invalid datetime value. Are time zone definitions for your database installed?
[ERROR] 2026-07-01 15:02:40,092 basehttp "GET /admin/users/loginlog/ HTTP/1.1" 500 364450
[INFO] 2026-07-01 15:02:40,462 basehttp "GET /admin/users/user/ HTTP/1.1" 200 52617
[INFO] 2026-07-01 15:02:40,483 basehttp "GET /admin/jsi18n/ HTTP/1.1" 200 8560
[INFO] 2026-07-01 15:02:43,013 basehttp "GET /admin/users/admin/ HTTP/1.1" 200 34582
[INFO] 2026-07-01 15:02:43,034 basehttp "GET /admin/jsi18n/ HTTP/1.1" 200 8560
[INFO] 2026-07-01 15:02:51,729 basehttp "GET /admin/auth/user/ HTTP/1.1" 200 35125
[INFO] 2026-07-01 15:02:51,756 basehttp "GET /static/admin/simpleui-x/elementui/theme-chalk/index.css HTTP/1.1" 304 0
[INFO] 2026-07-01 15:02:51,759 basehttp "GET /static/admin/simpleui-x/fontawesome-free-6.2.0-web/css/all.min.css HTTP/1.1" 304 0
[INFO] 2026-07-01 15:02:51,759 basehttp "GET /static/admin/css/base.css?_=2.7 HTTP/1.1" 304 0
[INFO] 2026-07-01 15:02:51,761 basehttp "GET /static/admin/simpleui-x/css/base.css?_=2.7 HTTP/1.1" 304 0
[INFO] 2026-07-01 15:02:51,761 basehttp "GET /static/admin/simpleui-x/js/vue.min.js?_=2026.01.13 HTTP/1.1" 304 0
[INFO] 2026-07-01 15:02:51,762 basehttp "GET /static/admin/simpleui-x/theme/simpleui.css HTTP/1.1" 304 0
[INFO] 2026-07-01 15:02:51,764 basehttp "GET /static/admin/css/changelists.css?_=20180905 HTTP/1.1" 304 0
[INFO] 2026-07-01 15:02:51,764 basehttp "GET /static/admin/simpleui-x/elementui/index.js?_=2026.01.13 HTTP/1.1" 304 0
[INFO] 2026-07-01 15:02:51,764 basehttp "GET /static/admin/css/responsive.css?_=20180905 HTTP/1.1" 304 0
[INFO] 2026-07-01 15:02:51,768 basehttp "GET /static/admin/simpleui-x/elementui/umd/locale/en.js?_=2026.01.13 HTTP/1.1" 304 0
[INFO] 2026-07-01 15:02:51,771 basehttp "GET /static/admin/simpleui-x/js/language.js?_=2.1.2 HTTP/1.1" 304 0
[INFO] 2026-07-01 15:02:51,771 basehttp "GET /static/admin/simpleui-x/locale/zh-hans.js HTTP/1.1" 304 0
[INFO] 2026-07-01 15:02:51,771 basehttp "GET /static/admin/simpleui-x/locale/en-us.js?_=2.1.2 HTTP/1.1" 304 0
[INFO] 2026-07-01 15:02:51,773 basehttp "GET /static/admin/simpleui-x/js/cookie.js HTTP/1.1" 304 0
[INFO] 2026-07-01 15:02:51,776 basehttp "GET /static/admin/js/vendor/jquery/jquery.min.js HTTP/1.1" 304 0
[INFO] 2026-07-01 15:02:51,778 basehttp "GET /static/admin/simpleui-x/automatic/dicts.js HTTP/1.1" 304 0
[INFO] 2026-07-01 15:02:51,778 basehttp "GET /admin/jsi18n/ HTTP/1.1" 200 8560
[INFO] 2026-07-01 15:02:51,779 basehttp "GET /static/admin/simpleui-x/js/axios.min.js HTTP/1.1" 304 0
[INFO] 2026-07-01 15:02:51,779 basehttp "GET /static/admin/simpleui-x/automatic/segment.js HTTP/1.1" 304 0
[INFO] 2026-07-01 15:02:51,779 basehttp "GET /static/admin/img/icon-yes.svg HTTP/1.1" 200 436
[INFO] 2026-07-01 15:02:52,345 basehttp "GET /admin/auth/group/ HTTP/1.1" 200 29398
[INFO] 2026-07-01 15:02:52,361 basehttp "GET /admin/jsi18n/ HTTP/1.1" 200 8560
[INFO] 2026-07-01 15:03:51,047 basehttp "GET /admin HTTP/1.1" 301 0
[INFO] 2026-07-01 15:03:51,073 basehttp "GET /admin/ HTTP/1.1" 200 19039
[INFO] 2026-07-01 15:03:51,155 basehttp "GET /static/admin/simpleui-x/elementui/theme-chalk/index.css HTTP/1.1" 304 0
[INFO] 2026-07-01 15:03:51,157 basehttp "GET /static/admin/simpleui-x/fontawesome-free-6.2.0-web/css/all.min.css HTTP/1.1" 304 0
[INFO] 2026-07-01 15:03:51,157 basehttp "GET /static/admin/simpleui-x/js/vue.min.js?_=2026.01.13 HTTP/1.1" 304 0
[INFO] 2026-07-01 15:03:51,157 basehttp "GET /static/admin/simpleui-x/waves/waves.min.css?_=2.1 HTTP/1.1" 200 3861
[INFO] 2026-07-01 15:03:51,157 basehttp "GET /static/admin/simpleui-x/css/index.css?_=3.2 HTTP/1.1" 200 7007
[INFO] 2026-07-01 15:03:51,157 basehttp "GET /static/admin/simpleui-x/img/logo.png HTTP/1.1" 200 115997
[INFO] 2026-07-01 15:03:51,224 basehttp "GET /static/admin/simpleui-x/elementui/index.js?_=2026.01.13 HTTP/1.1" 304 0
[INFO] 2026-07-01 15:03:51,228 basehttp "GET /static/admin/simpleui-x/elementui/umd/locale/en.js?_=2026.01.13 HTTP/1.1" 304 0
[INFO] 2026-07-01 15:03:51,229 basehttp "GET /static/admin/simpleui-x/automatic/segment.js?_=2026.01.13 HTTP/1.1" 200 1194
[INFO] 2026-07-01 15:03:51,230 basehttp "GET /static/admin/simpleui-x/locale/en-us.js?_=2026.01.13 HTTP/1.1" 200 811
[INFO] 2026-07-01 15:03:51,230 basehttp "GET /static/admin/simpleui-x/locale/zh-hans.js?_=2026.01.13 HTTP/1.1" 200 1254
[INFO] 2026-07-01 15:03:51,230 basehttp "GET /static/admin/simpleui-x/automatic/dicts.js?_=2026.01.13 HTTP/1.1" 200 12677
[INFO] 2026-07-01 15:03:51,241 basehttp "GET /static/admin/simpleui-x/js/cookie.js?_=2026.01.13 HTTP/1.1" 200 524
[INFO] 2026-07-01 15:03:51,243 basehttp "GET /static/admin/simpleui-x/theme/theme.js?_=2026.01.13 HTTP/1.1" 200 4274
[INFO] 2026-07-01 15:03:51,244 basehttp "GET /static/admin/simpleui-x/waves/waves.min.js?_=2026.01.13 HTTP/1.1" 200 6329
[INFO] 2026-07-01 15:03:51,244 basehttp "GET /static/admin/simpleui-x/js/menu.js?_=2026.01.13 HTTP/1.1" 200 1192
[INFO] 2026-07-01 15:03:51,245 basehttp "GET /static/admin/simpleui-x/js/index.js?_=2026.01.13 HTTP/1.1" 200 21589
[INFO] 2026-07-01 15:03:51,359 basehttp "GET /static/admin/simpleui-x/elementui/theme-chalk/fonts/element-icons.woff HTTP/1.1" 304 0
[INFO] 2026-07-01 15:03:51,360 basehttp "GET /static/admin/simpleui-x/fontawesome-free-6.2.0-web/webfonts/fa-regular-400.woff2 HTTP/1.1" 200 25096
[INFO] 2026-07-01 15:03:51,362 basehttp "GET /static/admin/simpleui-x/fontawesome-free-6.2.0-web/webfonts/fa-brands-400.woff2 HTTP/1.1" 200 107460
[INFO] 2026-07-01 15:03:51,363 basehttp "GET /static/admin/simpleui-x/fontawesome-free-6.2.0-web/webfonts/fa-solid-900.woff2 HTTP/1.1" 200 150472
[INFO] 2026-07-01 15:05:06,210 basehttp "GET /admin/ HTTP/1.1" 200 19039
[INFO] 2026-07-01 15:05:06,282 basehttp "GET /static/admin/simpleui-x/elementui/theme-chalk/index.css HTTP/1.1" 304 0
[INFO] 2026-07-01 15:05:06,282 basehttp "GET /static/admin/simpleui-x/css/index.css?_=3.2 HTTP/1.1" 304 0
[INFO] 2026-07-01 15:05:06,282 basehttp "GET /static/admin/simpleui-x/fontawesome-free-6.2.0-web/css/all.min.css HTTP/1.1" 304 0
[INFO] 2026-07-01 15:05:06,282 basehttp "GET /static/admin/simpleui-x/waves/waves.min.css?_=2.1 HTTP/1.1" 304 0
[INFO] 2026-07-01 15:05:06,282 basehttp "GET /static/admin/simpleui-x/img/logo.png HTTP/1.1" 304 0
[INFO] 2026-07-01 15:05:06,282 basehttp "GET /static/admin/simpleui-x/js/vue.min.js?_=2026.01.13 HTTP/1.1" 304 0
[INFO] 2026-07-01 15:05:06,333 basehttp "GET /static/admin/simpleui-x/automatic/segment.js?_=2026.01.13 HTTP/1.1" 304 0
[INFO] 2026-07-01 15:05:06,333 basehttp "GET /static/admin/simpleui-x/elementui/umd/locale/en.js?_=2026.01.13 HTTP/1.1" 304 0
[INFO] 2026-07-01 15:05:06,333 basehttp "GET /static/admin/simpleui-x/automatic/dicts.js?_=2026.01.13 HTTP/1.1" 304 0
[INFO] 2026-07-01 15:05:06,333 basehttp "GET /static/admin/simpleui-x/elementui/index.js?_=2026.01.13 HTTP/1.1" 304 0
[INFO] 2026-07-01 15:05:06,333 basehttp "GET /static/admin/simpleui-x/locale/zh-hans.js?_=2026.01.13 HTTP/1.1" 304 0
[INFO] 2026-07-01 15:05:06,333 basehttp "GET /static/admin/simpleui-x/locale/en-us.js?_=2026.01.13 HTTP/1.1" 304 0
[INFO] 2026-07-01 15:05:06,340 basehttp "GET /static/admin/simpleui-x/js/cookie.js?_=2026.01.13 HTTP/1.1" 304 0
[INFO] 2026-07-01 15:05:06,342 basehttp "GET /static/admin/simpleui-x/theme/theme.js?_=2026.01.13 HTTP/1.1" 304 0
[INFO] 2026-07-01 15:05:06,343 basehttp "GET /static/admin/simpleui-x/waves/waves.min.js?_=2026.01.13 HTTP/1.1" 304 0
[INFO] 2026-07-01 15:05:06,345 basehttp "GET /static/admin/simpleui-x/js/menu.js?_=2026.01.13 HTTP/1.1" 304 0
[INFO] 2026-07-01 15:05:06,346 basehttp "GET /static/admin/simpleui-x/js/index.js?_=2026.01.13 HTTP/1.1" 304 0
[INFO] 2026-07-01 15:05:06,472 basehttp "GET /static/admin/simpleui-x/fontawesome-free-6.2.0-web/webfonts/fa-solid-900.woff2 HTTP/1.1" 304 0
[INFO] 2026-07-01 15:05:06,472 basehttp "GET /static/admin/simpleui-x/elementui/theme-chalk/fonts/element-icons.woff HTTP/1.1" 304 0
[INFO] 2026-07-01 15:05:06,472 basehttp "GET /static/admin/simpleui-x/fontawesome-free-6.2.0-web/webfonts/fa-regular-400.woff2 HTTP/1.1" 304 0
[INFO] 2026-07-01 15:05:06,472 basehttp "GET /static/admin/simpleui-x/fontawesome-free-6.2.0-web/webfonts/fa-brands-400.woff2 HTTP/1.1" 304 0
[INFO] 2026-07-01 15:16:02,242 autoreload D:\python\python3.12.4\Lib\site-packages\django\contrib\admin\helpers.py changed, reloading.
[INFO] 2026-07-01 15:16:30,845 basehttp "GET /admin/ HTTP/1.1" 302 0
[INFO] 2026-07-01 15:17:21,774 basehttp "GET /admin/ HTTP/1.1" 302 0
[WARNING] 2026-07-01 15:17:21,837 log Unauthorized: /api/
[WARNING] 2026-07-01 15:17:21,837 basehttp "GET /api/ HTTP/1.1" 401 67
[INFO] 2026-07-01 15:17:58,466 basehttp "GET /admin/ HTTP/1.1" 200 19039
[INFO] 2026-07-01 15:17:58,502 basehttp "GET /static/admin/simpleui-x/elementui/theme-chalk/index.css HTTP/1.1" 304 0
[INFO] 2026-07-01 15:17:58,505 basehttp "GET /static/admin/simpleui-x/css/index.css?_=3.2 HTTP/1.1" 304 0
[INFO] 2026-07-01 15:17:58,506 basehttp "GET /static/admin/simpleui-x/fontawesome-free-6.2.0-web/css/all.min.css HTTP/1.1" 304 0
[INFO] 2026-07-01 15:17:58,507 basehttp "GET /static/admin/simpleui-x/waves/waves.min.css?_=2.1 HTTP/1.1" 304 0
[INFO] 2026-07-01 15:17:58,507 basehttp "GET /static/admin/simpleui-x/img/logo.png HTTP/1.1" 304 0
[INFO] 2026-07-01 15:17:58,507 basehttp "GET /static/admin/simpleui-x/js/vue.min.js?_=2026.01.13 HTTP/1.1" 304 0
[INFO] 2026-07-01 15:17:58,533 basehttp "GET /static/admin/simpleui-x/automatic/dicts.js?_=2026.01.13 HTTP/1.1" 304 0
[INFO] 2026-07-01 15:17:58,533 basehttp "GET /static/admin/simpleui-x/elementui/index.js?_=2026.01.13 HTTP/1.1" 304 0
[INFO] 2026-07-01 15:17:58,533 basehttp "GET /static/admin/simpleui-x/elementui/umd/locale/en.js?_=2026.01.13 HTTP/1.1" 304 0
[INFO] 2026-07-01 15:17:58,534 basehttp "GET /static/admin/simpleui-x/automatic/segment.js?_=2026.01.13 HTTP/1.1" 304 0
[INFO] 2026-07-01 15:17:58,534 basehttp "GET /static/admin/simpleui-x/locale/en-us.js?_=2026.01.13 HTTP/1.1" 304 0
[INFO] 2026-07-01 15:17:58,534 basehttp "GET /static/admin/simpleui-x/locale/zh-hans.js?_=2026.01.13 HTTP/1.1" 304 0
[INFO] 2026-07-01 15:17:58,543 basehttp "GET /static/admin/simpleui-x/js/cookie.js?_=2026.01.13 HTTP/1.1" 304 0
[INFO] 2026-07-01 15:17:58,547 basehttp "GET /static/admin/simpleui-x/theme/theme.js?_=2026.01.13 HTTP/1.1" 304 0
[INFO] 2026-07-01 15:17:58,547 basehttp "GET /static/admin/simpleui-x/js/menu.js?_=2026.01.13 HTTP/1.1" 304 0
[INFO] 2026-07-01 15:17:58,549 basehttp "GET /static/admin/simpleui-x/js/index.js?_=2026.01.13 HTTP/1.1" 304 0
[INFO] 2026-07-01 15:17:58,549 basehttp "GET /static/admin/simpleui-x/waves/waves.min.js?_=2026.01.13 HTTP/1.1" 304 0
[INFO] 2026-07-01 15:17:58,617 basehttp "GET /static/admin/simpleui-x/fontawesome-free-6.2.0-web/webfonts/fa-solid-900.woff2 HTTP/1.1" 304 0
[INFO] 2026-07-01 15:17:58,617 basehttp "GET /static/admin/simpleui-x/elementui/theme-chalk/fonts/element-icons.woff HTTP/1.1" 304 0
[INFO] 2026-07-01 15:17:58,617 basehttp "GET /static/admin/simpleui-x/fontawesome-free-6.2.0-web/webfonts/fa-regular-400.woff2 HTTP/1.1" 304 0
[INFO] 2026-07-01 15:17:58,617 basehttp "GET /static/admin/simpleui-x/fontawesome-free-6.2.0-web/webfonts/fa-brands-400.woff2 HTTP/1.1" 304 0
[INFO] 2026-07-01 15:17:59,069 basehttp "GET /admin/ HTTP/1.1" 200 19039
[INFO] 2026-07-01 15:19:20,563 autoreload Watching for file changes with StatReloader
[INFO] 2026-07-01 15:19:23,051 log "GET /admin/ HTTP/1.1" 302 0
[INFO] 2026-07-01 15:19:41,390 log "GET /admin/ HTTP/1.1" 200 19037
[INFO] 2026-07-01 15:19:41,428 log "GET /static/admin/simpleui-x/elementui/theme-chalk/index.css HTTP/1.1" 304 0
[INFO] 2026-07-01 15:19:41,428 log "GET /static/admin/simpleui-x/fontawesome-free-6.2.0-web/css/all.min.css HTTP/1.1" 304 0
[INFO] 2026-07-01 15:19:41,431 log "GET /static/admin/simpleui-x/css/index.css?_=3.2 HTTP/1.1" 304 0
[INFO] 2026-07-01 15:19:41,433 log "GET /static/admin/simpleui-x/waves/waves.min.css?_=2.1 HTTP/1.1" 304 0
[INFO] 2026-07-01 15:19:41,433 log "GET /static/admin/simpleui-x/img/logo.png HTTP/1.1" 304 0
[INFO] 2026-07-01 15:19:41,434 log "GET /static/admin/simpleui-x/js/vue.min.js?_=2026.01.13 HTTP/1.1" 304 0
[INFO] 2026-07-01 15:19:41,452 log "GET /static/admin/simpleui-x/elementui/umd/locale/en.js?_=2026.01.13 HTTP/1.1" 304 0
[INFO] 2026-07-01 15:19:41,452 log "GET /static/admin/simpleui-x/elementui/index.js?_=2026.01.13 HTTP/1.1" 304 0
[INFO] 2026-07-01 15:19:41,452 log "GET /static/admin/simpleui-x/automatic/dicts.js?_=2026.01.13 HTTP/1.1" 304 0
[INFO] 2026-07-01 15:19:41,452 log "GET /static/admin/simpleui-x/locale/en-us.js?_=2026.01.13 HTTP/1.1" 304 0
[INFO] 2026-07-01 15:19:41,452 log "GET /static/admin/simpleui-x/automatic/segment.js?_=2026.01.13 HTTP/1.1" 304 0
[INFO] 2026-07-01 15:19:41,452 log "GET /static/admin/simpleui-x/locale/zh-hans.js?_=2026.01.13 HTTP/1.1" 304 0
[INFO] 2026-07-01 15:19:41,460 log "GET /static/admin/simpleui-x/theme/theme.js?_=2026.01.13 HTTP/1.1" 304 0
[INFO] 2026-07-01 15:19:41,461 log "GET /static/admin/simpleui-x/js/cookie.js?_=2026.01.13 HTTP/1.1" 304 0
[INFO] 2026-07-01 15:19:41,461 log "GET /static/admin/simpleui-x/waves/waves.min.js?_=2026.01.13 HTTP/1.1" 304 0
[INFO] 2026-07-01 15:19:41,462 log "GET /static/admin/simpleui-x/js/menu.js?_=2026.01.13 HTTP/1.1" 304 0
[INFO] 2026-07-01 15:19:41,465 log "GET /static/admin/simpleui-x/js/index.js?_=2026.01.13 HTTP/1.1" 304 0
[INFO] 2026-07-01 15:19:41,516 log "GET /static/admin/simpleui-x/elementui/theme-chalk/fonts/element-icons.woff HTTP/1.1" 304 0
[INFO] 2026-07-01 15:19:41,516 log "GET /static/admin/simpleui-x/fontawesome-free-6.2.0-web/webfonts/fa-solid-900.woff2 HTTP/1.1" 304 0
[INFO] 2026-07-01 15:19:41,517 log "GET /static/admin/simpleui-x/fontawesome-free-6.2.0-web/webfonts/fa-brands-400.woff2 HTTP/1.1" 304 0
[INFO] 2026-07-01 15:19:41,517 log "GET /static/admin/simpleui-x/fontawesome-free-6.2.0-web/webfonts/fa-regular-400.woff2 HTTP/1.1" 304 0
[INFO] 2026-07-01 15:19:42,006 log "GET /admin/ HTTP/1.1" 200 19037
[INFO] 2026-07-01 15:19:42,669 log "GET /admin/ HTTP/1.1" 200 19037
[INFO] 2026-07-01 15:19:47,485 log "GET /static/admin/simpleui-x/theme/element.css HTTP/1.1" 200 4239
[INFO] 2026-07-01 15:19:47,771 log "GET /static/admin/simpleui-x/theme/purple.css HTTP/1.1" 200 4544
[INFO] 2026-07-01 15:19:48,285 log "GET /static/admin/simpleui-x/theme/admin.lte.css HTTP/1.1" 200 4374
[INFO] 2026-07-01 15:19:48,663 log "GET /static/admin/simpleui-x/theme/orange.css HTTP/1.1" 200 4636
[INFO] 2026-07-01 15:19:49,262 log "GET /static/admin/simpleui-x/theme/e-blue-pro.css HTTP/1.1" 200 4300
[INFO] 2026-07-01 15:19:49,626 log "GET /static/admin/simpleui-x/theme/green.css HTTP/1.1" 200 4270
[INFO] 2026-07-01 15:19:50,652 log "GET /static/admin/simpleui-x/theme/aircraft.css HTTP/1.1" 200 5013
[INFO] 2026-07-01 15:19:51,067 log "GET /static/admin/simpleui-x/theme/highdmin.css HTTP/1.1" 200 4375
[INFO] 2026-07-01 15:19:54,637 log "GET /static/admin/simpleui-x/theme/ant.design.css HTTP/1.1" 200 4479
[INFO] 2026-07-01 15:19:55,088 log "GET /static/admin/simpleui-x/theme/dark.green.css HTTP/1.1" 200 4273
[INFO] 2026-07-01 15:19:55,985 log "GET /static/admin/simpleui-x/theme/e-purple-pro.css HTTP/1.1" 200 4404
[INFO] 2026-07-01 15:19:57,855 log "GET /static/admin/simpleui-x/theme/x-blue.css HTTP/1.1" 200 4491
[INFO] 2026-07-01 15:19:58,778 log "GET /static/admin/simpleui-x/theme/simpleui.css HTTP/1.1" 304 0
[INFO] 2026-07-01 15:20:01,632 log "GET /static/admin/simpleui-x/theme/layui.css HTTP/1.1" 200 4337
[INFO] 2026-07-01 15:32:50,267 log "GET /admin/ HTTP/1.1" 200 19037
[INFO] 2026-07-01 15:32:50,306 log "GET /static/admin/simpleui-x/elementui/theme-chalk/index.css HTTP/1.1" 304 0
[INFO] 2026-07-01 15:32:50,309 log "GET /static/admin/simpleui-x/fontawesome-free-6.2.0-web/css/all.min.css HTTP/1.1" 304 0
[INFO] 2026-07-01 15:32:50,312 log "GET /static/admin/simpleui-x/css/index.css?_=3.2 HTTP/1.1" 304 0
[INFO] 2026-07-01 15:32:50,312 log "GET /static/admin/simpleui-x/img/logo.png HTTP/1.1" 304 0
[INFO] 2026-07-01 15:32:50,312 log "GET /static/admin/simpleui-x/waves/waves.min.css?_=2.1 HTTP/1.1" 304 0
[INFO] 2026-07-01 15:32:50,312 log "GET /static/admin/simpleui-x/js/vue.min.js?_=2026.01.13 HTTP/1.1" 304 0
[INFO] 2026-07-01 15:32:50,349 log "GET /static/admin/simpleui-x/elementui/index.js?_=2026.01.13 HTTP/1.1" 304 0
[INFO] 2026-07-01 15:32:50,349 log "GET /static/admin/simpleui-x/elementui/umd/locale/en.js?_=2026.01.13 HTTP/1.1" 304 0
[INFO] 2026-07-01 15:32:50,349 log "GET /static/admin/simpleui-x/automatic/segment.js?_=2026.01.13 HTTP/1.1" 304 0
[INFO] 2026-07-01 15:32:50,350 log "GET /static/admin/simpleui-x/automatic/dicts.js?_=2026.01.13 HTTP/1.1" 304 0
[INFO] 2026-07-01 15:32:50,350 log "GET /static/admin/simpleui-x/locale/en-us.js?_=2026.01.13 HTTP/1.1" 304 0
[INFO] 2026-07-01 15:32:50,351 log "GET /static/admin/simpleui-x/locale/zh-hans.js?_=2026.01.13 HTTP/1.1" 304 0
[INFO] 2026-07-01 15:32:50,371 log "GET /static/admin/simpleui-x/js/cookie.js?_=2026.01.13 HTTP/1.1" 304 0
[INFO] 2026-07-01 15:32:50,371 log "GET /static/admin/simpleui-x/waves/waves.min.js?_=2026.01.13 HTTP/1.1" 304 0
[INFO] 2026-07-01 15:32:50,371 log "GET /static/admin/simpleui-x/theme/theme.js?_=2026.01.13 HTTP/1.1" 304 0
[INFO] 2026-07-01 15:32:50,373 log "GET /static/admin/simpleui-x/js/menu.js?_=2026.01.13 HTTP/1.1" 304 0
[INFO] 2026-07-01 15:32:50,375 log "GET /static/admin/simpleui-x/js/index.js?_=2026.01.13 HTTP/1.1" 304 0
[INFO] 2026-07-01 15:32:50,557 log "GET /static/admin/simpleui-x/fontawesome-free-6.2.0-web/webfonts/fa-solid-900.woff2 HTTP/1.1" 304 0
[INFO] 2026-07-01 15:32:50,557 log "GET /static/admin/simpleui-x/elementui/theme-chalk/fonts/element-icons.woff HTTP/1.1" 304 0
[INFO] 2026-07-01 15:32:50,565 log "GET /static/admin/simpleui-x/fontawesome-free-6.2.0-web/webfonts/fa-brands-400.woff2 HTTP/1.1" 304 0
[INFO] 2026-07-01 15:32:50,565 log "GET /static/admin/simpleui-x/fontawesome-free-6.2.0-web/webfonts/fa-regular-400.woff2 HTTP/1.1" 304 0
[WARNING] 2026-07-01 15:32:57,136 log Not Found: /
[WARNING] 2026-07-01 15:32:57,138 log "GET / HTTP/1.1" 404 2786
[INFO] 2026-07-01 15:33:26,287 log "GET /admin/words/word/ HTTP/1.1" 200 77196
[INFO] 2026-07-01 15:33:26,315 log "GET /static/admin/simpleui-x/css/base.css?_=2.7 HTTP/1.1" 304 0
[INFO] 2026-07-01 15:33:26,315 log "GET /static/admin/simpleui-x/theme/simpleui.css HTTP/1.1" 304 0
[INFO] 2026-07-01 15:33:26,315 log "GET /static/admin/simpleui-x/locale/en-us.js?_=2.1.2 HTTP/1.1" 304 0
[INFO] 2026-07-01 15:33:26,315 log "GET /static/admin/simpleui-x/js/language.js?_=2.1.2 HTTP/1.1" 304 0
[INFO] 2026-07-01 15:33:26,316 log "GET /static/admin/simpleui-x/locale/zh-hans.js HTTP/1.1" 304 0
[INFO] 2026-07-01 15:33:26,317 log "GET /static/admin/css/base.css?_=2.7 HTTP/1.1" 200 23100
[INFO] 2026-07-01 15:33:26,320 log "GET /static/admin/simpleui-x/js/cookie.js HTTP/1.1" 304 0
[INFO] 2026-07-01 15:33:26,322 log "GET /static/admin/css/changelists.css?_=20180905 HTTP/1.1" 200 7498
[INFO] 2026-07-01 15:33:26,326 log "GET /static/admin/css/responsive.css?_=20180905 HTTP/1.1" 200 16273
[INFO] 2026-07-01 15:33:26,327 log "GET /static/admin/simpleui-x/automatic/dicts.js HTTP/1.1" 304 0
[INFO] 2026-07-01 15:33:26,328 log "GET /static/admin/simpleui-x/automatic/segment.js HTTP/1.1" 304 0
[INFO] 2026-07-01 15:33:26,329 log "GET /admin/jsi18n/ HTTP/1.1" 200 8869
[INFO] 2026-07-01 15:33:26,329 log "GET /static/admin/simpleui-x/js/axios.min.js HTTP/1.1" 304 0
[INFO] 2026-07-01 15:33:26,330 log "GET /static/admin/js/vendor/jquery/jquery.min.js HTTP/1.1" 200 87533
[INFO] 2026-07-01 15:33:33,045 log "GET /admin/words/word/?category=CET-6 HTTP/1.1" 200 79040
[INFO] 2026-07-01 15:33:33,095 log "GET /admin/jsi18n/ HTTP/1.1" 200 8869
[INFO] 2026-07-01 15:33:36,027 log "GET /admin/words/word/?category=CET-4 HTTP/1.1" 200 78770
[INFO] 2026-07-01 15:33:36,104 log "GET /admin/jsi18n/ HTTP/1.1" 200 8869
[INFO] 2026-07-01 15:33:38,972 log "GET /admin/words/word/?category=CET-4&o=6.4.2 HTTP/1.1" 200 80221
[INFO] 2026-07-01 15:33:39,005 log "GET /admin/jsi18n/ HTTP/1.1" 200 8869
[INFO] 2026-07-01 15:33:53,064 log "GET /admin/words/word/? HTTP/1.1" 200 77196
[INFO] 2026-07-01 15:33:53,096 log "GET /admin/jsi18n/ HTTP/1.1" 200 8869
[INFO] 2026-07-01 15:33:56,535 log "GET /admin/words/word/?p=2 HTTP/1.1" 200 78612
[INFO] 2026-07-01 15:33:56,568 log "GET /admin/jsi18n/ HTTP/1.1" 200 8869
[INFO] 2026-07-01 15:34:06,491 log "GET /admin/words/word/?category=CET-6 HTTP/1.1" 200 79040
[INFO] 2026-07-01 15:34:06,522 log "GET /admin/jsi18n/ HTTP/1.1" 200 8869
[INFO] 2026-07-01 15:34:09,278 log "GET /admin/words/word/?level__exact=3&category=CET-6 HTTP/1.1" 200 40040
[INFO] 2026-07-01 15:34:09,311 log "GET /admin/jsi18n/ HTTP/1.1" 200 8869
[ERROR] 2026-07-01 15:34:13,863 log Internal Server Error: /admin/words/wordprogress/
Traceback (most recent call last):
  File "D:\毕业设计\backend\.venv\Lib\site-packages\django\core\handlers\exception.py", line 55, in inner
    response = get_response(request)
               ^^^^^^^^^^^^^^^^^^^^^
  File "D:\毕业设计\backend\.venv\Lib\site-packages\django\core\handlers\base.py", line 221, in _get_response
    response = response.render()
               ^^^^^^^^^^^^^^^^^
  File "D:\毕业设计\backend\.venv\Lib\site-packages\django\template\response.py", line 114, in render
    self.content = self.rendered_content
                   ^^^^^^^^^^^^^^^^^^^^^
  File "D:\毕业设计\backend\.venv\Lib\site-packages\django\template\response.py", line 92, in rendered_content
    return template.render(context, self._request)
           ^^^^^^^^^^^^^^^^^^^^^^^^^^^^^^^^^^^^^^^
  File "D:\毕业设计\backend\.venv\Lib\site-packages\django\template\backends\django.py", line 107, in render
    return self.template.render(context)
           ^^^^^^^^^^^^^^^^^^^^^^^^^^^^^
  File "D:\毕业设计\backend\.venv\Lib\site-packages\django\template\base.py", line 174, in render
    return self._render(context)
           ^^^^^^^^^^^^^^^^^^^^^
  File "D:\毕业设计\backend\.venv\Lib\site-packages\django\template\base.py", line 166, in _render
    return self.nodelist.render(context)
           ^^^^^^^^^^^^^^^^^^^^^^^^^^^^^
  File "D:\毕业设计\backend\.venv\Lib\site-packages\django\template\base.py", line 1091, in render
    return SafeString("".join([node.render_annotated(context) for node in self]))
                               ^^^^^^^^^^^^^^^^^^^^^^^^^^^^^^
  File "D:\毕业设计\backend\.venv\Lib\site-packages\django\template\base.py", line 1052, in render_annotated
    return self.render(context)
           ^^^^^^^^^^^^^^^^^^^^
  File "D:\毕业设计\backend\.venv\Lib\site-packages\django\template\loader_tags.py", line 160, in render
    return compiled_parent._render(context)
           ^^^^^^^^^^^^^^^^^^^^^^^^^^^^^^^^
  File "D:\毕业设计\backend\.venv\Lib\site-packages\django\template\base.py", line 166, in _render
    return self.nodelist.render(context)
           ^^^^^^^^^^^^^^^^^^^^^^^^^^^^^
  File "D:\毕业设计\backend\.venv\Lib\site-packages\django\template\base.py", line 1091, in render
    return SafeString("".join([node.render_annotated(context) for node in self]))
                               ^^^^^^^^^^^^^^^^^^^^^^^^^^^^^^
  File "D:\毕业设计\backend\.venv\Lib\site-packages\django\template\base.py", line 1052, in render_annotated
    return self.render(context)
           ^^^^^^^^^^^^^^^^^^^^
  File "D:\毕业设计\backend\.venv\Lib\site-packages\django\template\loader_tags.py", line 160, in render
    return compiled_parent._render(context)
           ^^^^^^^^^^^^^^^^^^^^^^^^^^^^^^^^
  File "D:\毕业设计\backend\.venv\Lib\site-packages\django\template\base.py", line 166, in _render
    return self.nodelist.render(context)
           ^^^^^^^^^^^^^^^^^^^^^^^^^^^^^
  File "D:\毕业设计\backend\.venv\Lib\site-packages\django\template\base.py", line 1091, in render
    return SafeString("".join([node.render_annotated(context) for node in self]))
                               ^^^^^^^^^^^^^^^^^^^^^^^^^^^^^^
  File "D:\毕业设计\backend\.venv\Lib\site-packages\django\template\base.py", line 1052, in render_annotated
    return self.render(context)
           ^^^^^^^^^^^^^^^^^^^^
  File "D:\毕业设计\backend\.venv\Lib\site-packages\django\template\loader_tags.py", line 66, in render
    result = block.nodelist.render(context)
             ^^^^^^^^^^^^^^^^^^^^^^^^^^^^^^
  File "D:\毕业设计\backend\.venv\Lib\site-packages\django\template\base.py", line 1091, in render
    return SafeString("".join([node.render_annotated(context) for node in self]))
                               ^^^^^^^^^^^^^^^^^^^^^^^^^^^^^^
  File "D:\毕业设计\backend\.venv\Lib\site-packages\django\template\base.py", line 1052, in render_annotated
    return self.render(context)
           ^^^^^^^^^^^^^^^^^^^^
  File "D:\毕业设计\backend\.venv\Lib\site-packages\django\template\loader_tags.py", line 66, in render
    result = block.nodelist.render(context)
             ^^^^^^^^^^^^^^^^^^^^^^^^^^^^^^
  File "D:\毕业设计\backend\.venv\Lib\site-packages\django\template\base.py", line 1091, in render
    return SafeString("".join([node.render_annotated(context) for node in self]))
                               ^^^^^^^^^^^^^^^^^^^^^^^^^^^^^^
  File "D:\毕业设计\backend\.venv\Lib\site-packages\django\template\base.py", line 1052, in render_annotated
    return self.render(context)
           ^^^^^^^^^^^^^^^^^^^^
  File "D:\毕业设计\backend\.venv\Lib\site-packages\django\contrib\admin\templatetags\base.py", line 47, in render
    return super().render(context)
           ^^^^^^^^^^^^^^^^^^^^^^^
  File "D:\毕业设计\backend\.venv\Lib\site-packages\django\template\library.py", line 363, in render
    _dict = self.func(*resolved_args, **resolved_kwargs)
            ^^^^^^^^^^^^^^^^^^^^^^^^^^^^^^^^^^^^^^^^^^^^
  File "D:\毕业设计\backend\.venv\Lib\site-packages\django\contrib\admin\templatetags\admin_list.py", line 430, in date_hierarchy
    "choices": [
               ^
  File "D:\毕业设计\backend\.venv\Lib\site-packages\django\db\models\query.py", line 390, in __iter__
    self._fetch_all()
  File "D:\毕业设计\backend\.venv\Lib\site-packages\django\db\models\query.py", line 2000, in _fetch_all
    self._result_cache = list(self._iterable_class(self))
                         ^^^^^^^^^^^^^^^^^^^^^^^^^^^^^^^^
  File "D:\毕业设计\backend\.venv\Lib\site-packages\django\db\models\query.py", line 277, in __iter__
    for row in compiler.results_iter(
  File "D:\毕业设计\backend\.venv\Lib\site-packages\django\db\models\sql\compiler.py", line 1542, in apply_converters
    value = converter(value, expression, connection)
            ^^^^^^^^^^^^^^^^^^^^^^^^^^^^^^^^^^^^^^^^
  File "D:\毕业设计\backend\.venv\Lib\site-packages\django\db\models\functions\datetime.py", line 354, in convert_value
    raise ValueError(
ValueError: Database returned an invalid datetime value. Are time zone definitions for your database installed?
[ERROR] 2026-07-01 15:34:13,870 log "GET /admin/words/wordprogress/ HTTP/1.1" 500 367816
[INFO] 2026-07-01 15:34:20,290 log "GET /admin/checkin/checkin/ HTTP/1.1" 200 40267
[INFO] 2026-07-01 15:34:20,324 log "GET /admin/jsi18n/ HTTP/1.1" 200 8869
[INFO] 2026-07-01 15:34:28,023 log "GET /admin/users/user/ HTTP/1.1" 200 53647
[INFO] 2026-07-01 15:34:28,040 log "GET /admin/jsi18n/ HTTP/1.1" 200 8869
[ERROR] 2026-07-01 15:34:30,675 log Internal Server Error: /admin/users/loginlog/
Traceback (most recent call last):
  File "D:\毕业设计\backend\.venv\Lib\site-packages\django\core\handlers\exception.py", line 55, in inner
    response = get_response(request)
               ^^^^^^^^^^^^^^^^^^^^^
  File "D:\毕业设计\backend\.venv\Lib\site-packages\django\core\handlers\base.py", line 221, in _get_response
    response = response.render()
               ^^^^^^^^^^^^^^^^^
  File "D:\毕业设计\backend\.venv\Lib\site-packages\django\template\response.py", line 114, in render
    self.content = self.rendered_content
                   ^^^^^^^^^^^^^^^^^^^^^
  File "D:\毕业设计\backend\.venv\Lib\site-packages\django\template\response.py", line 92, in rendered_content
    return template.render(context, self._request)
           ^^^^^^^^^^^^^^^^^^^^^^^^^^^^^^^^^^^^^^^
  File "D:\毕业设计\backend\.venv\Lib\site-packages\django\template\backends\django.py", line 107, in render
    return self.template.render(context)
           ^^^^^^^^^^^^^^^^^^^^^^^^^^^^^
  File "D:\毕业设计\backend\.venv\Lib\site-packages\django\template\base.py", line 174, in render
    return self._render(context)
           ^^^^^^^^^^^^^^^^^^^^^
  File "D:\毕业设计\backend\.venv\Lib\site-packages\django\template\base.py", line 166, in _render
    return self.nodelist.render(context)
           ^^^^^^^^^^^^^^^^^^^^^^^^^^^^^
  File "D:\毕业设计\backend\.venv\Lib\site-packages\django\template\base.py", line 1091, in render
    return SafeString("".join([node.render_annotated(context) for node in self]))
                               ^^^^^^^^^^^^^^^^^^^^^^^^^^^^^^
  File "D:\毕业设计\backend\.venv\Lib\site-packages\django\template\base.py", line 1052, in render_annotated
    return self.render(context)
           ^^^^^^^^^^^^^^^^^^^^
  File "D:\毕业设计\backend\.venv\Lib\site-packages\django\template\loader_tags.py", line 160, in render
    return compiled_parent._render(context)
           ^^^^^^^^^^^^^^^^^^^^^^^^^^^^^^^^
  File "D:\毕业设计\backend\.venv\Lib\site-packages\django\template\base.py", line 166, in _render
    return self.nodelist.render(context)
           ^^^^^^^^^^^^^^^^^^^^^^^^^^^^^
  File "D:\毕业设计\backend\.venv\Lib\site-packages\django\template\base.py", line 1091, in render
    return SafeString("".join([node.render_annotated(context) for node in self]))
                               ^^^^^^^^^^^^^^^^^^^^^^^^^^^^^^
  File "D:\毕业设计\backend\.venv\Lib\site-packages\django\template\base.py", line 1052, in render_annotated
    return self.render(context)
           ^^^^^^^^^^^^^^^^^^^^
  File "D:\毕业设计\backend\.venv\Lib\site-packages\django\template\loader_tags.py", line 160, in render
    return compiled_parent._render(context)
           ^^^^^^^^^^^^^^^^^^^^^^^^^^^^^^^^
  File "D:\毕业设计\backend\.venv\Lib\site-packages\django\template\base.py", line 166, in _render
    return self.nodelist.render(context)
           ^^^^^^^^^^^^^^^^^^^^^^^^^^^^^
  File "D:\毕业设计\backend\.venv\Lib\site-packages\django\template\base.py", line 1091, in render
    return SafeString("".join([node.render_annotated(context) for node in self]))
                               ^^^^^^^^^^^^^^^^^^^^^^^^^^^^^^
  File "D:\毕业设计\backend\.venv\Lib\site-packages\django\template\base.py", line 1052, in render_annotated
    return self.render(context)
           ^^^^^^^^^^^^^^^^^^^^
  File "D:\毕业设计\backend\.venv\Lib\site-packages\django\template\loader_tags.py", line 66, in render
    result = block.nodelist.render(context)
             ^^^^^^^^^^^^^^^^^^^^^^^^^^^^^^
  File "D:\毕业设计\backend\.venv\Lib\site-packages\django\template\base.py", line 1091, in render
    return SafeString("".join([node.render_annotated(context) for node in self]))
                               ^^^^^^^^^^^^^^^^^^^^^^^^^^^^^^
  File "D:\毕业设计\backend\.venv\Lib\site-packages\django\template\base.py", line 1052, in render_annotated
    return self.render(context)
           ^^^^^^^^^^^^^^^^^^^^
  File "D:\毕业设计\backend\.venv\Lib\site-packages\django\template\loader_tags.py", line 66, in render
    result = block.nodelist.render(context)
             ^^^^^^^^^^^^^^^^^^^^^^^^^^^^^^
  File "D:\毕业设计\backend\.venv\Lib\site-packages\django\template\base.py", line 1091, in render
    return SafeString("".join([node.render_annotated(context) for node in self]))
                               ^^^^^^^^^^^^^^^^^^^^^^^^^^^^^^
  File "D:\毕业设计\backend\.venv\Lib\site-packages\django\template\base.py", line 1052, in render_annotated
    return self.render(context)
           ^^^^^^^^^^^^^^^^^^^^
  File "D:\毕业设计\backend\.venv\Lib\site-packages\django\contrib\admin\templatetags\base.py", line 47, in render
    return super().render(context)
           ^^^^^^^^^^^^^^^^^^^^^^^
  File "D:\毕业设计\backend\.venv\Lib\site-packages\django\template\library.py", line 363, in render
    _dict = self.func(*resolved_args, **resolved_kwargs)
            ^^^^^^^^^^^^^^^^^^^^^^^^^^^^^^^^^^^^^^^^^^^^
  File "D:\毕业设计\backend\.venv\Lib\site-packages\django\contrib\admin\templatetags\admin_list.py", line 430, in date_hierarchy
    "choices": [
               ^
  File "D:\毕业设计\backend\.venv\Lib\site-packages\django\db\models\query.py", line 390, in __iter__
    self._fetch_all()
  File "D:\毕业设计\backend\.venv\Lib\site-packages\django\db\models\query.py", line 2000, in _fetch_all
    self._result_cache = list(self._iterable_class(self))
                         ^^^^^^^^^^^^^^^^^^^^^^^^^^^^^^^^
  File "D:\毕业设计\backend\.venv\Lib\site-packages\django\db\models\query.py", line 277, in __iter__
    for row in compiler.results_iter(
  File "D:\毕业设计\backend\.venv\Lib\site-packages\django\db\models\sql\compiler.py", line 1542, in apply_converters
    value = converter(value, expression, connection)
            ^^^^^^^^^^^^^^^^^^^^^^^^^^^^^^^^^^^^^^^^
  File "D:\毕业设计\backend\.venv\Lib\site-packages\django\db\models\functions\datetime.py", line 354, in convert_value
    raise ValueError(
ValueError: Database returned an invalid datetime value. Are time zone definitions for your database installed?
[ERROR] 2026-07-01 15:34:30,680 log "GET /admin/users/loginlog/ HTTP/1.1" 500 367185
[INFO] 2026-07-01 15:34:32,364 log "GET /admin/users/admin/ HTTP/1.1" 200 34702
[INFO] 2026-07-01 15:34:32,403 log "GET /admin/jsi18n/ HTTP/1.1" 200 8869
[INFO] 2026-07-01 15:34:34,189 log "GET /admin/auth/user/ HTTP/1.1" 200 35235
[INFO] 2026-07-01 15:34:34,203 log "GET /static/admin/img/icon-yes.svg HTTP/1.1" 200 558
[INFO] 2026-07-01 15:34:34,242 log "GET /admin/jsi18n/ HTTP/1.1" 200 8869
[INFO] 2026-07-01 15:34:37,304 log "GET /admin/auth/group/ HTTP/1.1" 200 29518
[INFO] 2026-07-01 15:34:37,325 log "GET /admin/jsi18n/ HTTP/1.1" 200 8869
[INFO] 2026-07-01 20:50:47,769 log "GET /admin/ HTTP/1.1" 200 19037
[INFO] 2026-07-01 20:50:47,857 log "GET /static/admin/simpleui-x/elementui/theme-chalk/index.css HTTP/1.1" 304 0
[INFO] 2026-07-01 20:50:47,857 log "GET /static/admin/simpleui-x/fontawesome-free-6.2.0-web/css/all.min.css HTTP/1.1" 304 0
[INFO] 2026-07-01 20:50:47,860 log "GET /static/admin/simpleui-x/waves/waves.min.css?_=2.1 HTTP/1.1" 304 0
[INFO] 2026-07-01 20:50:47,860 log "GET /static/admin/simpleui-x/css/index.css?_=3.2 HTTP/1.1" 304 0
[INFO] 2026-07-01 20:50:47,861 log "GET /static/admin/simpleui-x/img/logo.png HTTP/1.1" 304 0
[INFO] 2026-07-01 20:50:47,862 log "GET /static/admin/simpleui-x/js/vue.min.js?_=2026.01.13 HTTP/1.1" 304 0
[INFO] 2026-07-01 20:50:47,924 log "GET /static/admin/simpleui-x/elementui/index.js?_=2026.01.13 HTTP/1.1" 304 0
[INFO] 2026-07-01 20:50:47,925 log "GET /static/admin/simpleui-x/automatic/segment.js?_=2026.01.13 HTTP/1.1" 304 0
[INFO] 2026-07-01 20:50:47,925 log "GET /static/admin/simpleui-x/elementui/umd/locale/en.js?_=2026.01.13 HTTP/1.1" 304 0
[INFO] 2026-07-01 20:50:47,925 log "GET /static/admin/simpleui-x/automatic/dicts.js?_=2026.01.13 HTTP/1.1" 304 0
[INFO] 2026-07-01 20:50:47,925 log "GET /static/admin/simpleui-x/locale/zh-hans.js?_=2026.01.13 HTTP/1.1" 304 0
[INFO] 2026-07-01 20:50:47,925 log "GET /static/admin/simpleui-x/locale/en-us.js?_=2026.01.13 HTTP/1.1" 304 0
[INFO] 2026-07-01 20:50:47,943 log "GET /static/admin/simpleui-x/js/cookie.js?_=2026.01.13 HTTP/1.1" 304 0
[INFO] 2026-07-01 20:50:47,949 log "GET /static/admin/simpleui-x/theme/theme.js?_=2026.01.13 HTTP/1.1" 304 0
[INFO] 2026-07-01 20:50:47,949 log "GET /static/admin/simpleui-x/js/menu.js?_=2026.01.13 HTTP/1.1" 304 0
[INFO] 2026-07-01 20:50:47,949 log "GET /static/admin/simpleui-x/waves/waves.min.js?_=2026.01.13 HTTP/1.1" 304 0
[INFO] 2026-07-01 20:50:47,949 log "GET /static/admin/simpleui-x/js/index.js?_=2026.01.13 HTTP/1.1" 304 0
[INFO] 2026-07-01 20:50:48,151 log "GET /static/admin/simpleui-x/fontawesome-free-6.2.0-web/webfonts/fa-solid-900.woff2 HTTP/1.1" 304 0
[INFO] 2026-07-01 20:50:48,151 log "GET /static/admin/simpleui-x/elementui/theme-chalk/fonts/element-icons.woff HTTP/1.1" 304 0
[INFO] 2026-07-01 20:50:48,152 log "GET /static/admin/simpleui-x/fontawesome-free-6.2.0-web/webfonts/fa-regular-400.woff2 HTTP/1.1" 304 0
[INFO] 2026-07-01 20:50:48,153 log "GET /static/admin/simpleui-x/fontawesome-free-6.2.0-web/webfonts/fa-brands-400.woff2 HTTP/1.1" 304 0
[INFO] 2026-07-01 20:50:49,592 log "GET /admin/ HTTP/1.1" 200 19037
[INFO] 2026-07-01 20:51:18,286 log "GET /admin/words/word/ HTTP/1.1" 200 77196
[INFO] 2026-07-01 20:51:18,318 log "GET /static/admin/simpleui-x/css/base.css?_=2.7 HTTP/1.1" 304 0
[INFO] 2026-07-01 20:51:18,318 log "GET /static/admin/css/base.css?_=2.7 HTTP/1.1" 304 0
[INFO] 2026-07-01 20:51:18,318 log "GET /static/admin/simpleui-x/js/language.js?_=2.1.2 HTTP/1.1" 304 0
[INFO] 2026-07-01 20:51:18,318 log "GET /static/admin/simpleui-x/locale/en-us.js?_=2.1.2 HTTP/1.1" 304 0
[INFO] 2026-07-01 20:51:18,318 log "GET /static/admin/simpleui-x/theme/simpleui.css HTTP/1.1" 304 0
[INFO] 2026-07-01 20:51:18,319 log "GET /static/admin/simpleui-x/locale/zh-hans.js HTTP/1.1" 304 0
[INFO] 2026-07-01 20:51:18,322 log "GET /static/admin/css/changelists.css?_=20180905 HTTP/1.1" 304 0
[INFO] 2026-07-01 20:51:18,323 log "GET /static/admin/simpleui-x/js/cookie.js HTTP/1.1" 304 0
[INFO] 2026-07-01 20:51:18,326 log "GET /static/admin/css/responsive.css?_=20180905 HTTP/1.1" 304 0
[INFO] 2026-07-01 20:51:18,327 log "GET /static/admin/js/vendor/jquery/jquery.min.js HTTP/1.1" 304 0
[INFO] 2026-07-01 20:51:18,329 log "GET /static/admin/simpleui-x/automatic/dicts.js HTTP/1.1" 304 0
[INFO] 2026-07-01 20:51:18,329 log "GET /static/admin/simpleui-x/automatic/segment.js HTTP/1.1" 304 0
[INFO] 2026-07-01 20:51:18,330 log "GET /admin/jsi18n/ HTTP/1.1" 200 8869
[INFO] 2026-07-01 20:51:18,331 log "GET /static/admin/simpleui-x/js/axios.min.js HTTP/1.1" 304 0
[ERROR] 2026-07-01 20:51:18,904 log Internal Server Error: /admin/words/wordprogress/
Traceback (most recent call last):
  File "D:\毕业设计\backend\.venv\Lib\site-packages\django\core\handlers\exception.py", line 55, in inner
    response = get_response(request)
               ^^^^^^^^^^^^^^^^^^^^^
  File "D:\毕业设计\backend\.venv\Lib\site-packages\django\core\handlers\base.py", line 221, in _get_response
    response = response.render()
               ^^^^^^^^^^^^^^^^^
  File "D:\毕业设计\backend\.venv\Lib\site-packages\django\template\response.py", line 114, in render
    self.content = self.rendered_content
                   ^^^^^^^^^^^^^^^^^^^^^
  File "D:\毕业设计\backend\.venv\Lib\site-packages\django\template\response.py", line 92, in rendered_content
    return template.render(context, self._request)
           ^^^^^^^^^^^^^^^^^^^^^^^^^^^^^^^^^^^^^^^
  File "D:\毕业设计\backend\.venv\Lib\site-packages\django\template\backends\django.py", line 107, in render
    return self.template.render(context)
           ^^^^^^^^^^^^^^^^^^^^^^^^^^^^^
  File "D:\毕业设计\backend\.venv\Lib\site-packages\django\template\base.py", line 174, in render
    return self._render(context)
           ^^^^^^^^^^^^^^^^^^^^^
  File "D:\毕业设计\backend\.venv\Lib\site-packages\django\template\base.py", line 166, in _render
    return self.nodelist.render(context)
           ^^^^^^^^^^^^^^^^^^^^^^^^^^^^^
  File "D:\毕业设计\backend\.venv\Lib\site-packages\django\template\base.py", line 1091, in render
    return SafeString("".join([node.render_annotated(context) for node in self]))
                               ^^^^^^^^^^^^^^^^^^^^^^^^^^^^^^
  File "D:\毕业设计\backend\.venv\Lib\site-packages\django\template\base.py", line 1052, in render_annotated
    return self.render(context)
           ^^^^^^^^^^^^^^^^^^^^
  File "D:\毕业设计\backend\.venv\Lib\site-packages\django\template\loader_tags.py", line 160, in render
    return compiled_parent._render(context)
           ^^^^^^^^^^^^^^^^^^^^^^^^^^^^^^^^
  File "D:\毕业设计\backend\.venv\Lib\site-packages\django\template\base.py", line 166, in _render
    return self.nodelist.render(context)
           ^^^^^^^^^^^^^^^^^^^^^^^^^^^^^
  File "D:\毕业设计\backend\.venv\Lib\site-packages\django\template\base.py", line 1091, in render
    return SafeString("".join([node.render_annotated(context) for node in self]))
                               ^^^^^^^^^^^^^^^^^^^^^^^^^^^^^^
  File "D:\毕业设计\backend\.venv\Lib\site-packages\django\template\base.py", line 1052, in render_annotated
    return self.render(context)
           ^^^^^^^^^^^^^^^^^^^^
  File "D:\毕业设计\backend\.venv\Lib\site-packages\django\template\loader_tags.py", line 160, in render
    return compiled_parent._render(context)
           ^^^^^^^^^^^^^^^^^^^^^^^^^^^^^^^^
  File "D:\毕业设计\backend\.venv\Lib\site-packages\django\template\base.py", line 166, in _render
    return self.nodelist.render(context)
           ^^^^^^^^^^^^^^^^^^^^^^^^^^^^^
  File "D:\毕业设计\backend\.venv\Lib\site-packages\django\template\base.py", line 1091, in render
    return SafeString("".join([node.render_annotated(context) for node in self]))
                               ^^^^^^^^^^^^^^^^^^^^^^^^^^^^^^
  File "D:\毕业设计\backend\.venv\Lib\site-packages\django\template\base.py", line 1052, in render_annotated
    return self.render(context)
           ^^^^^^^^^^^^^^^^^^^^
  File "D:\毕业设计\backend\.venv\Lib\site-packages\django\template\loader_tags.py", line 66, in render
    result = block.nodelist.render(context)
             ^^^^^^^^^^^^^^^^^^^^^^^^^^^^^^
  File "D:\毕业设计\backend\.venv\Lib\site-packages\django\template\base.py", line 1091, in render
    return SafeString("".join([node.render_annotated(context) for node in self]))
                               ^^^^^^^^^^^^^^^^^^^^^^^^^^^^^^
  File "D:\毕业设计\backend\.venv\Lib\site-packages\django\template\base.py", line 1052, in render_annotated
    return self.render(context)
           ^^^^^^^^^^^^^^^^^^^^
  File "D:\毕业设计\backend\.venv\Lib\site-packages\django\template\loader_tags.py", line 66, in render
    result = block.nodelist.render(context)
             ^^^^^^^^^^^^^^^^^^^^^^^^^^^^^^
  File "D:\毕业设计\backend\.venv\Lib\site-packages\django\template\base.py", line 1091, in render
    return SafeString("".join([node.render_annotated(context) for node in self]))
                               ^^^^^^^^^^^^^^^^^^^^^^^^^^^^^^
  File "D:\毕业设计\backend\.venv\Lib\site-packages\django\template\base.py", line 1052, in render_annotated
    return self.render(context)
           ^^^^^^^^^^^^^^^^^^^^
  File "D:\毕业设计\backend\.venv\Lib\site-packages\django\contrib\admin\templatetags\base.py", line 47, in render
    return super().render(context)
           ^^^^^^^^^^^^^^^^^^^^^^^
  File "D:\毕业设计\backend\.venv\Lib\site-packages\django\template\library.py", line 363, in render
    _dict = self.func(*resolved_args, **resolved_kwargs)
            ^^^^^^^^^^^^^^^^^^^^^^^^^^^^^^^^^^^^^^^^^^^^
  File "D:\毕业设计\backend\.venv\Lib\site-packages\django\contrib\admin\templatetags\admin_list.py", line 430, in date_hierarchy
    "choices": [
               ^
  File "D:\毕业设计\backend\.venv\Lib\site-packages\django\db\models\query.py", line 390, in __iter__
    self._fetch_all()
  File "D:\毕业设计\backend\.venv\Lib\site-packages\django\db\models\query.py", line 2000, in _fetch_all
    self._result_cache = list(self._iterable_class(self))
                         ^^^^^^^^^^^^^^^^^^^^^^^^^^^^^^^^
  File "D:\毕业设计\backend\.venv\Lib\site-packages\django\db\models\query.py", line 277, in __iter__
    for row in compiler.results_iter(
  File "D:\毕业设计\backend\.venv\Lib\site-packages\django\db\models\sql\compiler.py", line 1542, in apply_converters
    value = converter(value, expression, connection)
            ^^^^^^^^^^^^^^^^^^^^^^^^^^^^^^^^^^^^^^^^
  File "D:\毕业设计\backend\.venv\Lib\site-packages\django\db\models\functions\datetime.py", line 354, in convert_value
    raise ValueError(
ValueError: Database returned an invalid datetime value. Are time zone definitions for your database installed?
[ERROR] 2026-07-01 20:51:18,909 log "GET /admin/words/wordprogress/ HTTP/1.1" 500 367945
[INFO] 2026-07-01 20:53:59,330 log "GET /admin/words/word/?o=3.4.2 HTTP/1.1" 200 79783
[INFO] 2026-07-01 20:53:59,385 log "GET /admin/jsi18n/ HTTP/1.1" 200 8869
[INFO] 2026-07-01 20:53:59,994 log "GET /admin/words/word/?o=-3.4.2 HTTP/1.1" 200 79422
[INFO] 2026-07-01 20:54:00,023 log "GET /admin/jsi18n/ HTTP/1.1" 200 8869
[INFO] 2026-07-01 20:54:00,558 log "GET /admin/words/word/?o=3.4.2 HTTP/1.1" 200 79783
[INFO] 2026-07-01 20:54:00,586 log "GET /admin/jsi18n/ HTTP/1.1" 200 8869
[INFO] 2026-07-01 20:54:01,575 log "GET /admin/words/word/?o=-2.3.4 HTTP/1.1" 200 79674
[INFO] 2026-07-01 20:54:01,602 log "GET /admin/jsi18n/ HTTP/1.1" 200 8869
[INFO] 2026-07-01 20:54:02,247 log "GET /admin/words/word/?o=-3.-2.4 HTTP/1.1" 200 79483
[INFO] 2026-07-01 20:54:02,285 log "GET /admin/jsi18n/ HTTP/1.1" 200 8869
[INFO] 2026-07-01 20:54:03,043 log "GET /admin/words/word/?o=1.-3.-2.4 HTTP/1.1" 200 80293
[INFO] 2026-07-01 20:54:03,071 log "GET /admin/jsi18n/ HTTP/1.1" 200 8869
[INFO] 2026-07-01 20:54:04,637 log "GET /admin/words/word/1/change/?_changelist_filters=o%3D1.-3.-2.4 HTTP/1.1" 200 14914
[INFO] 2026-07-01 20:54:04,666 log "GET /static/admin/js/prepopulate_init.js HTTP/1.1" 200 586
[INFO] 2026-07-01 20:54:04,667 log "GET /admin/jsi18n/ HTTP/1.1" 200 8869
[INFO] 2026-07-01 20:54:04,697 log "GET /static/admin/css/widgets.css HTTP/1.1" 200 11811
[INFO] 2026-07-01 20:54:06,540 log "GET /admin/words/word/?o=1.-3.-2.4 HTTP/1.1" 200 80293
[INFO] 2026-07-01 20:54:06,562 log "GET /admin/jsi18n/ HTTP/1.1" 200 8869
[INFO] 2026-07-01 20:54:12,519 log "GET /admin/words/word/1/change/?_changelist_filters=o%3D1.-3.-2.4 HTTP/1.1" 200 14914
[INFO] 2026-07-01 20:54:12,550 log "GET /admin/jsi18n/ HTTP/1.1" 200 8869
[INFO] 2026-07-01 20:54:13,770 log "GET /admin/words/word/?o=1.-3.-2.4 HTTP/1.1" 200 80293
[INFO] 2026-07-01 20:54:13,795 log "GET /admin/jsi18n/ HTTP/1.1" 200 8869
[INFO] 2026-07-01 20:54:17,665 log "GET /admin/words/word/?o=-1.-3.-2.4 HTTP/1.1" 200 80626
[INFO] 2026-07-01 20:54:17,693 log "GET /admin/jsi18n/ HTTP/1.1" 200 8869
[INFO] 2026-07-01 20:54:18,406 log "GET /admin/words/word/?o=1.-3.-2.4 HTTP/1.1" 200 80293
[INFO] 2026-07-01 20:54:18,431 log "GET /admin/jsi18n/ HTTP/1.1" 200 8869
[INFO] 2026-07-01 20:54:19,068 log "GET /admin/words/word/?o=-1.-3.-2.4 HTTP/1.1" 200 80626
[INFO] 2026-07-01 20:54:19,095 log "GET /admin/jsi18n/ HTTP/1.1" 200 8869
[INFO] 2026-07-01 20:54:19,662 log "GET /admin/words/word/?o=1.-3.-2.4 HTTP/1.1" 200 80293
[INFO] 2026-07-01 20:54:19,689 log "GET /admin/jsi18n/ HTTP/1.1" 200 8869
[INFO] 2026-07-01 20:54:20,437 log "GET /admin/words/word/?o=-1.-3.-2.4 HTTP/1.1" 200 80626
[INFO] 2026-07-01 20:54:20,464 log "GET /admin/jsi18n/ HTTP/1.1" 200 8869
[INFO] 2026-07-01 20:54:21,319 log "GET /admin/words/word/?o=1.-3.-2.4 HTTP/1.1" 200 80293
[INFO] 2026-07-01 20:54:21,345 log "GET /admin/jsi18n/ HTTP/1.1" 200 8869
[INFO] 2026-07-01 20:54:23,145 log "GET /admin/words/word/?o=-3.-2.4 HTTP/1.1" 200 79483
[INFO] 2026-07-01 20:54:23,171 log "GET /admin/jsi18n/ HTTP/1.1" 200 8869
[INFO] 2026-07-01 20:54:25,164 log "GET /admin/words/word/?o=-3.4 HTTP/1.1" 200 78698
[INFO] 2026-07-01 20:54:25,189 log "GET /admin/jsi18n/ HTTP/1.1" 200 8869
[INFO] 2026-07-01 20:54:27,909 log "GET /admin/words/word/?o=2.-3.4 HTTP/1.1" 200 79592
[INFO] 2026-07-01 20:54:27,943 log "GET /admin/jsi18n/ HTTP/1.1" 200 8869
[INFO] 2026-07-01 20:54:29,185 log "GET /admin/words/word/?o=-2.-3.4 HTTP/1.1" 200 79735
[INFO] 2026-07-01 20:54:29,211 log "GET /admin/jsi18n/ HTTP/1.1" 200 8869
[INFO] 2026-07-01 20:54:30,798 log "GET /admin/words/word/?o=1.-2.-3.4 HTTP/1.1" 200 80293
[INFO] 2026-07-01 20:54:30,827 log "GET /admin/jsi18n/ HTTP/1.1" 200 8869
[INFO] 2026-07-01 20:54:32,245 log "GET /admin/words/word/?o=-1.-2.-3.4 HTTP/1.1" 200 80626
[INFO] 2026-07-01 20:54:32,272 log "GET /admin/jsi18n/ HTTP/1.1" 200 8869
[INFO] 2026-07-01 20:54:33,119 log "GET /admin/words/word/?o=1.-2.-3.4 HTTP/1.1" 200 80293
[INFO] 2026-07-01 20:54:33,148 log "GET /admin/jsi18n/ HTTP/1.1" 200 8869
[INFO] 2026-07-01 20:54:34,019 log "GET /admin/words/word/?o=2.1.-3.4 HTTP/1.1" 200 80324
[INFO] 2026-07-01 20:54:34,046 log "GET /admin/jsi18n/ HTTP/1.1" 200 8869
[INFO] 2026-07-01 20:54:34,786 log "GET /admin/words/word/?o=-2.1.-3.4 HTTP/1.1" 200 80469
[INFO] 2026-07-01 20:54:34,816 log "GET /admin/jsi18n/ HTTP/1.1" 200 8869
[INFO] 2026-07-01 20:54:35,996 log "GET /admin/words/word/?o=1.-3.4 HTTP/1.1" 200 79498
[INFO] 2026-07-01 20:54:36,024 log "GET /admin/jsi18n/ HTTP/1.1" 200 8869
[ERROR] 2026-07-01 20:54:42,388 log Internal Server Error: /admin/words/wordprogress/
Traceback (most recent call last):
  File "D:\毕业设计\backend\.venv\Lib\site-packages\django\core\handlers\exception.py", line 55, in inner
    response = get_response(request)
               ^^^^^^^^^^^^^^^^^^^^^
  File "D:\毕业设计\backend\.venv\Lib\site-packages\django\core\handlers\base.py", line 221, in _get_response
    response = response.render()
               ^^^^^^^^^^^^^^^^^
  File "D:\毕业设计\backend\.venv\Lib\site-packages\django\template\response.py", line 114, in render
    self.content = self.rendered_content
                   ^^^^^^^^^^^^^^^^^^^^^
  File "D:\毕业设计\backend\.venv\Lib\site-packages\django\template\response.py", line 92, in rendered_content
    return template.render(context, self._request)
           ^^^^^^^^^^^^^^^^^^^^^^^^^^^^^^^^^^^^^^^
  File "D:\毕业设计\backend\.venv\Lib\site-packages\django\template\backends\django.py", line 107, in render
    return self.template.render(context)
           ^^^^^^^^^^^^^^^^^^^^^^^^^^^^^
  File "D:\毕业设计\backend\.venv\Lib\site-packages\django\template\base.py", line 174, in render
    return self._render(context)
           ^^^^^^^^^^^^^^^^^^^^^
  File "D:\毕业设计\backend\.venv\Lib\site-packages\django\template\base.py", line 166, in _render
    return self.nodelist.render(context)
           ^^^^^^^^^^^^^^^^^^^^^^^^^^^^^
  File "D:\毕业设计\backend\.venv\Lib\site-packages\django\template\base.py", line 1091, in render
    return SafeString("".join([node.render_annotated(context) for node in self]))
                               ^^^^^^^^^^^^^^^^^^^^^^^^^^^^^^
  File "D:\毕业设计\backend\.venv\Lib\site-packages\django\template\base.py", line 1052, in render_annotated
    return self.render(context)
           ^^^^^^^^^^^^^^^^^^^^
  File "D:\毕业设计\backend\.venv\Lib\site-packages\django\template\loader_tags.py", line 160, in render
    return compiled_parent._render(context)
           ^^^^^^^^^^^^^^^^^^^^^^^^^^^^^^^^
  File "D:\毕业设计\backend\.venv\Lib\site-packages\django\template\base.py", line 166, in _render
    return self.nodelist.render(context)
           ^^^^^^^^^^^^^^^^^^^^^^^^^^^^^
  File "D:\毕业设计\backend\.venv\Lib\site-packages\django\template\base.py", line 1091, in render
    return SafeString("".join([node.render_annotated(context) for node in self]))
                               ^^^^^^^^^^^^^^^^^^^^^^^^^^^^^^
  File "D:\毕业设计\backend\.venv\Lib\site-packages\django\template\base.py", line 1052, in render_annotated
    return self.render(context)
           ^^^^^^^^^^^^^^^^^^^^
  File "D:\毕业设计\backend\.venv\Lib\site-packages\django\template\loader_tags.py", line 160, in render
    return compiled_parent._render(context)
           ^^^^^^^^^^^^^^^^^^^^^^^^^^^^^^^^
  File "D:\毕业设计\backend\.venv\Lib\site-packages\django\template\base.py", line 166, in _render
    return self.nodelist.render(context)
           ^^^^^^^^^^^^^^^^^^^^^^^^^^^^^
  File "D:\毕业设计\backend\.venv\Lib\site-packages\django\template\base.py", line 1091, in render
    return SafeString("".join([node.render_annotated(context) for node in self]))
                               ^^^^^^^^^^^^^^^^^^^^^^^^^^^^^^
  File "D:\毕业设计\backend\.venv\Lib\site-packages\django\template\base.py", line 1052, in render_annotated
    return self.render(context)
           ^^^^^^^^^^^^^^^^^^^^
  File "D:\毕业设计\backend\.venv\Lib\site-packages\django\template\loader_tags.py", line 66, in render
    result = block.nodelist.render(context)
             ^^^^^^^^^^^^^^^^^^^^^^^^^^^^^^
  File "D:\毕业设计\backend\.venv\Lib\site-packages\django\template\base.py", line 1091, in render
    return SafeString("".join([node.render_annotated(context) for node in self]))
                               ^^^^^^^^^^^^^^^^^^^^^^^^^^^^^^
  File "D:\毕业设计\backend\.venv\Lib\site-packages\django\template\base.py", line 1052, in render_annotated
    return self.render(context)
           ^^^^^^^^^^^^^^^^^^^^
  File "D:\毕业设计\backend\.venv\Lib\site-packages\django\template\loader_tags.py", line 66, in render
    result = block.nodelist.render(context)
             ^^^^^^^^^^^^^^^^^^^^^^^^^^^^^^
  File "D:\毕业设计\backend\.venv\Lib\site-packages\django\template\base.py", line 1091, in render
    return SafeString("".join([node.render_annotated(context) for node in self]))
                               ^^^^^^^^^^^^^^^^^^^^^^^^^^^^^^
  File "D:\毕业设计\backend\.venv\Lib\site-packages\django\template\base.py", line 1052, in render_annotated
    return self.render(context)
           ^^^^^^^^^^^^^^^^^^^^
  File "D:\毕业设计\backend\.venv\Lib\site-packages\django\contrib\admin\templatetags\base.py", line 47, in render
    return super().render(context)
           ^^^^^^^^^^^^^^^^^^^^^^^
  File "D:\毕业设计\backend\.venv\Lib\site-packages\django\template\library.py", line 363, in render
    _dict = self.func(*resolved_args, **resolved_kwargs)
            ^^^^^^^^^^^^^^^^^^^^^^^^^^^^^^^^^^^^^^^^^^^^
  File "D:\毕业设计\backend\.venv\Lib\site-packages\django\contrib\admin\templatetags\admin_list.py", line 430, in date_hierarchy
    "choices": [
               ^
  File "D:\毕业设计\backend\.venv\Lib\site-packages\django\db\models\query.py", line 390, in __iter__
    self._fetch_all()
  File "D:\毕业设计\backend\.venv\Lib\site-packages\django\db\models\query.py", line 2000, in _fetch_all
    self._result_cache = list(self._iterable_class(self))
                         ^^^^^^^^^^^^^^^^^^^^^^^^^^^^^^^^
  File "D:\毕业设计\backend\.venv\Lib\site-packages\django\db\models\query.py", line 277, in __iter__
    for row in compiler.results_iter(
  File "D:\毕业设计\backend\.venv\Lib\site-packages\django\db\models\sql\compiler.py", line 1542, in apply_converters
    value = converter(value, expression, connection)
            ^^^^^^^^^^^^^^^^^^^^^^^^^^^^^^^^^^^^^^^^
  File "D:\毕业设计\backend\.venv\Lib\site-packages\django\db\models\functions\datetime.py", line 354, in convert_value
    raise ValueError(
ValueError: Database returned an invalid datetime value. Are time zone definitions for your database installed?
[ERROR] 2026-07-01 20:54:42,394 log "GET /admin/words/wordprogress/ HTTP/1.1" 500 367945
[INFO] 2026-07-01 20:54:47,767 log "GET /admin/words/word/?o=-1.-3.4 HTTP/1.1" 200 79829
[INFO] 2026-07-01 20:54:47,793 log "GET /admin/jsi18n/ HTTP/1.1" 200 8869
[INFO] 2026-07-01 20:54:50,381 log "GET /admin/words/word/?o=-3.4 HTTP/1.1" 200 78698
[INFO] 2026-07-01 20:54:50,407 log "GET /admin/jsi18n/ HTTP/1.1" 200 8869
[INFO] 2026-07-01 20:55:11,926 log "GET /admin/ HTTP/1.1" 200 19037
[INFO] 2026-07-01 20:55:12,120 log "GET /admin/words/word/ HTTP/1.1" 200 77196
[INFO] 2026-07-01 20:55:12,153 log "GET /admin/jsi18n/ HTTP/1.1" 200 8869
[INFO] 2026-07-01 20:55:16,039 log "GET /admin/words/word/?o=1.4.2 HTTP/1.1" 200 79437
[INFO] 2026-07-01 20:55:16,070 log "GET /admin/jsi18n/ HTTP/1.1" 200 8869
[INFO] 2026-07-01 20:55:25,328 log "GET /admin/words/word/?o=1.-4.2 HTTP/1.1" 200 79498
[INFO] 2026-07-01 20:55:25,365 log "GET /admin/jsi18n/ HTTP/1.1" 200 8869
[INFO] 2026-07-01 20:55:26,198 log "GET /admin/words/word/?o=1.4.2 HTTP/1.1" 200 79437
[INFO] 2026-07-01 20:55:26,227 log "GET /admin/jsi18n/ HTTP/1.1" 200 8869
[INFO] 2026-07-01 20:55:27,651 log "GET /admin/words/word/?o=1.-4.2 HTTP/1.1" 200 79498
[INFO] 2026-07-01 20:55:27,679 log "GET /admin/jsi18n/ HTTP/1.1" 200 8869
[INFO] 2026-07-01 20:55:28,383 log "GET /admin/words/word/?o=1.4.2 HTTP/1.1" 200 79437
[INFO] 2026-07-01 20:55:28,411 log "GET /admin/jsi18n/ HTTP/1.1" 200 8869
[INFO] 2026-07-01 20:55:28,931 log "GET /admin/words/word/?o=1.-4.2 HTTP/1.1" 200 79498
[INFO] 2026-07-01 20:55:28,958 log "GET /admin/jsi18n/ HTTP/1.1" 200 8869
[INFO] 2026-07-01 20:55:29,455 log "GET /admin/words/word/?o=1.4.2 HTTP/1.1" 200 79437
[INFO] 2026-07-01 20:55:29,483 log "GET /admin/jsi18n/ HTTP/1.1" 200 8869
[INFO] 2026-07-01 20:55:31,622 log "GET /admin/words/word/?o=6.1.4.2 HTTP/1.1" 200 80167
[INFO] 2026-07-01 20:55:31,651 log "GET /admin/jsi18n/ HTTP/1.1" 200 8869
[INFO] 2026-07-01 20:55:38,427 log "GET /admin/words/word/?o=1.4.2 HTTP/1.1" 200 79437
[INFO] 2026-07-01 20:55:38,454 log "GET /admin/jsi18n/ HTTP/1.1" 200 8869
[INFO] 2026-07-01 20:55:41,204 log "GET /admin/ HTTP/1.1" 200 19037
[INFO] 2026-07-01 20:55:41,396 log "GET /admin/words/word/ HTTP/1.1" 200 77196
[INFO] 2026-07-01 20:55:41,436 log "GET /admin/jsi18n/ HTTP/1.1" 200 8869
[ERROR] 2026-07-01 20:55:44,060 log Internal Server Error: /admin/words/wordprogress/
Traceback (most recent call last):
  File "D:\毕业设计\backend\.venv\Lib\site-packages\django\core\handlers\exception.py", line 55, in inner
    response = get_response(request)
               ^^^^^^^^^^^^^^^^^^^^^
  File "D:\毕业设计\backend\.venv\Lib\site-packages\django\core\handlers\base.py", line 221, in _get_response
    response = response.render()
               ^^^^^^^^^^^^^^^^^
  File "D:\毕业设计\backend\.venv\Lib\site-packages\django\template\response.py", line 114, in render
    self.content = self.rendered_content
                   ^^^^^^^^^^^^^^^^^^^^^
  File "D:\毕业设计\backend\.venv\Lib\site-packages\django\template\response.py", line 92, in rendered_content
    return template.render(context, self._request)
           ^^^^^^^^^^^^^^^^^^^^^^^^^^^^^^^^^^^^^^^
  File "D:\毕业设计\backend\.venv\Lib\site-packages\django\template\backends\django.py", line 107, in render
    return self.template.render(context)
           ^^^^^^^^^^^^^^^^^^^^^^^^^^^^^
  File "D:\毕业设计\backend\.venv\Lib\site-packages\django\template\base.py", line 174, in render
    return self._render(context)
           ^^^^^^^^^^^^^^^^^^^^^
  File "D:\毕业设计\backend\.venv\Lib\site-packages\django\template\base.py", line 166, in _render
    return self.nodelist.render(context)
           ^^^^^^^^^^^^^^^^^^^^^^^^^^^^^
  File "D:\毕业设计\backend\.venv\Lib\site-packages\django\template\base.py", line 1091, in render
    return SafeString("".join([node.render_annotated(context) for node in self]))
                               ^^^^^^^^^^^^^^^^^^^^^^^^^^^^^^
  File "D:\毕业设计\backend\.venv\Lib\site-packages\django\template\base.py", line 1052, in render_annotated
    return self.render(context)
           ^^^^^^^^^^^^^^^^^^^^
  File "D:\毕业设计\backend\.venv\Lib\site-packages\django\template\loader_tags.py", line 160, in render
    return compiled_parent._render(context)
           ^^^^^^^^^^^^^^^^^^^^^^^^^^^^^^^^
  File "D:\毕业设计\backend\.venv\Lib\site-packages\django\template\base.py", line 166, in _render
    return self.nodelist.render(context)
           ^^^^^^^^^^^^^^^^^^^^^^^^^^^^^
  File "D:\毕业设计\backend\.venv\Lib\site-packages\django\template\base.py", line 1091, in render
    return SafeString("".join([node.render_annotated(context) for node in self]))
                               ^^^^^^^^^^^^^^^^^^^^^^^^^^^^^^
  File "D:\毕业设计\backend\.venv\Lib\site-packages\django\template\base.py", line 1052, in render_annotated
    return self.render(context)
           ^^^^^^^^^^^^^^^^^^^^
  File "D:\毕业设计\backend\.venv\Lib\site-packages\django\template\loader_tags.py", line 160, in render
    return compiled_parent._render(context)
           ^^^^^^^^^^^^^^^^^^^^^^^^^^^^^^^^
  File "D:\毕业设计\backend\.venv\Lib\site-packages\django\template\base.py", line 166, in _render
    return self.nodelist.render(context)
           ^^^^^^^^^^^^^^^^^^^^^^^^^^^^^
  File "D:\毕业设计\backend\.venv\Lib\site-packages\django\template\base.py", line 1091, in render
    return SafeString("".join([node.render_annotated(context) for node in self]))
                               ^^^^^^^^^^^^^^^^^^^^^^^^^^^^^^
  File "D:\毕业设计\backend\.venv\Lib\site-packages\django\template\base.py", line 1052, in render_annotated
    return self.render(context)
           ^^^^^^^^^^^^^^^^^^^^
  File "D:\毕业设计\backend\.venv\Lib\site-packages\django\template\loader_tags.py", line 66, in render
    result = block.nodelist.render(context)
             ^^^^^^^^^^^^^^^^^^^^^^^^^^^^^^
  File "D:\毕业设计\backend\.venv\Lib\site-packages\django\template\base.py", line 1091, in render
    return SafeString("".join([node.render_annotated(context) for node in self]))
                               ^^^^^^^^^^^^^^^^^^^^^^^^^^^^^^
  File "D:\毕业设计\backend\.venv\Lib\site-packages\django\template\base.py", line 1052, in render_annotated
    return self.render(context)
           ^^^^^^^^^^^^^^^^^^^^
  File "D:\毕业设计\backend\.venv\Lib\site-packages\django\template\loader_tags.py", line 66, in render
    result = block.nodelist.render(context)
             ^^^^^^^^^^^^^^^^^^^^^^^^^^^^^^
  File "D:\毕业设计\backend\.venv\Lib\site-packages\django\template\base.py", line 1091, in render
    return SafeString("".join([node.render_annotated(context) for node in self]))
                               ^^^^^^^^^^^^^^^^^^^^^^^^^^^^^^
  File "D:\毕业设计\backend\.venv\Lib\site-packages\django\template\base.py", line 1052, in render_annotated
    return self.render(context)
           ^^^^^^^^^^^^^^^^^^^^
  File "D:\毕业设计\backend\.venv\Lib\site-packages\django\contrib\admin\templatetags\base.py", line 47, in render
    return super().render(context)
           ^^^^^^^^^^^^^^^^^^^^^^^
  File "D:\毕业设计\backend\.venv\Lib\site-packages\django\template\library.py", line 363, in render
    _dict = self.func(*resolved_args, **resolved_kwargs)
            ^^^^^^^^^^^^^^^^^^^^^^^^^^^^^^^^^^^^^^^^^^^^
  File "D:\毕业设计\backend\.venv\Lib\site-packages\django\contrib\admin\templatetags\admin_list.py", line 430, in date_hierarchy
    "choices": [
               ^
  File "D:\毕业设计\backend\.venv\Lib\site-packages\django\db\models\query.py", line 390, in __iter__
    self._fetch_all()
  File "D:\毕业设计\backend\.venv\Lib\site-packages\django\db\models\query.py", line 2000, in _fetch_all
    self._result_cache = list(self._iterable_class(self))
                         ^^^^^^^^^^^^^^^^^^^^^^^^^^^^^^^^
  File "D:\毕业设计\backend\.venv\Lib\site-packages\django\db\models\query.py", line 277, in __iter__
    for row in compiler.results_iter(
  File "D:\毕业设计\backend\.venv\Lib\site-packages\django\db\models\sql\compiler.py", line 1542, in apply_converters
    value = converter(value, expression, connection)
            ^^^^^^^^^^^^^^^^^^^^^^^^^^^^^^^^^^^^^^^^
  File "D:\毕业设计\backend\.venv\Lib\site-packages\django\db\models\functions\datetime.py", line 354, in convert_value
    raise ValueError(
ValueError: Database returned an invalid datetime value. Are time zone definitions for your database installed?
[ERROR] 2026-07-01 20:55:44,064 log "GET /admin/words/wordprogress/ HTTP/1.1" 500 367945
[INFO] 2026-07-01 20:55:57,391 log "GET /admin/ HTTP/1.1" 200 19037
[INFO] 2026-07-01 20:55:57,596 log "GET /admin/words/word/ HTTP/1.1" 200 77196
[INFO] 2026-07-01 20:55:57,643 log "GET /admin/jsi18n/ HTTP/1.1" 200 8869
[ERROR] 2026-07-01 20:56:10,547 log Internal Server Error: /admin/words/wordprogress/
Traceback (most recent call last):
  File "D:\毕业设计\backend\.venv\Lib\site-packages\django\core\handlers\exception.py", line 55, in inner
    response = get_response(request)
               ^^^^^^^^^^^^^^^^^^^^^
  File "D:\毕业设计\backend\.venv\Lib\site-packages\django\core\handlers\base.py", line 221, in _get_response
    response = response.render()
               ^^^^^^^^^^^^^^^^^
  File "D:\毕业设计\backend\.venv\Lib\site-packages\django\template\response.py", line 114, in render
    self.content = self.rendered_content
                   ^^^^^^^^^^^^^^^^^^^^^
  File "D:\毕业设计\backend\.venv\Lib\site-packages\django\template\response.py", line 92, in rendered_content
    return template.render(context, self._request)
           ^^^^^^^^^^^^^^^^^^^^^^^^^^^^^^^^^^^^^^^
  File "D:\毕业设计\backend\.venv\Lib\site-packages\django\template\backends\django.py", line 107, in render
    return self.template.render(context)
           ^^^^^^^^^^^^^^^^^^^^^^^^^^^^^
  File "D:\毕业设计\backend\.venv\Lib\site-packages\django\template\base.py", line 174, in render
    return self._render(context)
           ^^^^^^^^^^^^^^^^^^^^^
  File "D:\毕业设计\backend\.venv\Lib\site-packages\django\template\base.py", line 166, in _render
    return self.nodelist.render(context)
           ^^^^^^^^^^^^^^^^^^^^^^^^^^^^^
  File "D:\毕业设计\backend\.venv\Lib\site-packages\django\template\base.py", line 1091, in render
    return SafeString("".join([node.render_annotated(context) for node in self]))
                               ^^^^^^^^^^^^^^^^^^^^^^^^^^^^^^
  File "D:\毕业设计\backend\.venv\Lib\site-packages\django\template\base.py", line 1052, in render_annotated
    return self.render(context)
           ^^^^^^^^^^^^^^^^^^^^
  File "D:\毕业设计\backend\.venv\Lib\site-packages\django\template\loader_tags.py", line 160, in render
    return compiled_parent._render(context)
           ^^^^^^^^^^^^^^^^^^^^^^^^^^^^^^^^
  File "D:\毕业设计\backend\.venv\Lib\site-packages\django\template\base.py", line 166, in _render
    return self.nodelist.render(context)
           ^^^^^^^^^^^^^^^^^^^^^^^^^^^^^
  File "D:\毕业设计\backend\.venv\Lib\site-packages\django\template\base.py", line 1091, in render
    return SafeString("".join([node.render_annotated(context) for node in self]))
                               ^^^^^^^^^^^^^^^^^^^^^^^^^^^^^^
  File "D:\毕业设计\backend\.venv\Lib\site-packages\django\template\base.py", line 1052, in render_annotated
    return self.render(context)
           ^^^^^^^^^^^^^^^^^^^^
  File "D:\毕业设计\backend\.venv\Lib\site-packages\django\template\loader_tags.py", line 160, in render
    return compiled_parent._render(context)
           ^^^^^^^^^^^^^^^^^^^^^^^^^^^^^^^^
  File "D:\毕业设计\backend\.venv\Lib\site-packages\django\template\base.py", line 166, in _render
    return self.nodelist.render(context)
           ^^^^^^^^^^^^^^^^^^^^^^^^^^^^^
  File "D:\毕业设计\backend\.venv\Lib\site-packages\django\template\base.py", line 1091, in render
    return SafeString("".join([node.render_annotated(context) for node in self]))
                               ^^^^^^^^^^^^^^^^^^^^^^^^^^^^^^
  File "D:\毕业设计\backend\.venv\Lib\site-packages\django\template\base.py", line 1052, in render_annotated
    return self.render(context)
           ^^^^^^^^^^^^^^^^^^^^
  File "D:\毕业设计\backend\.venv\Lib\site-packages\django\template\loader_tags.py", line 66, in render
    result = block.nodelist.render(context)
             ^^^^^^^^^^^^^^^^^^^^^^^^^^^^^^
  File "D:\毕业设计\backend\.venv\Lib\site-packages\django\template\base.py", line 1091, in render
    return SafeString("".join([node.render_annotated(context) for node in self]))
                               ^^^^^^^^^^^^^^^^^^^^^^^^^^^^^^
  File "D:\毕业设计\backend\.venv\Lib\site-packages\django\template\base.py", line 1052, in render_annotated
    return self.render(context)
           ^^^^^^^^^^^^^^^^^^^^
  File "D:\毕业设计\backend\.venv\Lib\site-packages\django\template\loader_tags.py", line 66, in render
    result = block.nodelist.render(context)
             ^^^^^^^^^^^^^^^^^^^^^^^^^^^^^^
  File "D:\毕业设计\backend\.venv\Lib\site-packages\django\template\base.py", line 1091, in render
    return SafeString("".join([node.render_annotated(context) for node in self]))
                               ^^^^^^^^^^^^^^^^^^^^^^^^^^^^^^
  File "D:\毕业设计\backend\.venv\Lib\site-packages\django\template\base.py", line 1052, in render_annotated
    return self.render(context)
           ^^^^^^^^^^^^^^^^^^^^
  File "D:\毕业设计\backend\.venv\Lib\site-packages\django\contrib\admin\templatetags\base.py", line 47, in render
    return super().render(context)
           ^^^^^^^^^^^^^^^^^^^^^^^
  File "D:\毕业设计\backend\.venv\Lib\site-packages\django\template\library.py", line 363, in render
    _dict = self.func(*resolved_args, **resolved_kwargs)
            ^^^^^^^^^^^^^^^^^^^^^^^^^^^^^^^^^^^^^^^^^^^^
  File "D:\毕业设计\backend\.venv\Lib\site-packages\django\contrib\admin\templatetags\admin_list.py", line 430, in date_hierarchy
    "choices": [
               ^
  File "D:\毕业设计\backend\.venv\Lib\site-packages\django\db\models\query.py", line 390, in __iter__
    self._fetch_all()
  File "D:\毕业设计\backend\.venv\Lib\site-packages\django\db\models\query.py", line 2000, in _fetch_all
    self._result_cache = list(self._iterable_class(self))
                         ^^^^^^^^^^^^^^^^^^^^^^^^^^^^^^^^
  File "D:\毕业设计\backend\.venv\Lib\site-packages\django\db\models\query.py", line 277, in __iter__
    for row in compiler.results_iter(
  File "D:\毕业设计\backend\.venv\Lib\site-packages\django\db\models\sql\compiler.py", line 1542, in apply_converters
    value = converter(value, expression, connection)
            ^^^^^^^^^^^^^^^^^^^^^^^^^^^^^^^^^^^^^^^^
  File "D:\毕业设计\backend\.venv\Lib\site-packages\django\db\models\functions\datetime.py", line 354, in convert_value
    raise ValueError(
ValueError: Database returned an invalid datetime value. Are time zone definitions for your database installed?
[ERROR] 2026-07-01 20:56:10,551 log "GET /admin/words/wordprogress/ HTTP/1.1" 500 367945
[INFO] 2026-07-01 20:56:11,888 log "GET /admin/ HTTP/1.1" 200 19037
[INFO] 2026-07-01 20:56:12,037 log "GET /admin/words/word/ HTTP/1.1" 200 77196
[INFO] 2026-07-01 20:56:12,056 log "GET /admin/jsi18n/ HTTP/1.1" 200 8869
[INFO] 2026-07-01 21:00:26,757 autoreload D:\毕业设计\backend\config\settings.py changed, reloading.
[INFO] 2026-07-01 21:00:28,330 autoreload Watching for file changes with StatReloader
[INFO] 2026-07-01 21:01:03,157 autoreload D:\毕业设计\backend\config\settings.py changed, reloading.
[INFO] 2026-07-01 21:01:04,274 autoreload Watching for file changes with StatReloader
[INFO] 2026-07-01 21:03:23,057 autoreload Watching for file changes with StatReloader
[INFO] 2026-07-01 21:03:51,556 log code 400, message Bad request version ('\xc0\\x13\xc0')
[ERROR] 2026-07-01 21:03:51,557 log You're accessing the development server over HTTPS, but it only supports HTTP.
[INFO] 2026-07-01 21:03:58,454 log "GET /admin/ HTTP/1.1" 302 0
[INFO] 2026-07-01 21:04:13,654 log "GET /admin/login/?next=/admin/ HTTP/1.1" 200 4343
[INFO] 2026-07-01 21:04:20,391 log "GET /admin/login/?next=/admin/ HTTP/1.1" 200 4343
[INFO] 2026-07-01 21:04:20,803 basehttp - Broken pipe from ('127.0.0.1', 56805)
[INFO] 2026-07-01 21:04:31,069 log "GET /admin/login/?next=/admin/ HTTP/1.1" 200 4343
[INFO] 2026-07-01 21:04:31,106 basehttp - Broken pipe from ('127.0.0.1', 56842)
[INFO] 2026-07-01 21:06:46,980 autoreload D:\毕业设计\backend\config\urls.py changed, reloading.
[INFO] 2026-07-01 21:06:48,103 autoreload Watching for file changes with StatReloader
[INFO] 2026-07-01 21:08:05,782 autoreload Watching for file changes with StatReloader
[INFO] 2026-07-01 21:08:13,422 log "GET /admin/ HTTP/1.1" 302 0
[INFO] 2026-07-01 21:08:24,339 log "GET /admin/login/?next=/admin/ HTTP/1.1" 200 4332
[INFO] 2026-07-01 21:08:24,382 basehttp - Broken pipe from ('127.0.0.1', 57347)
[INFO] 2026-07-01 21:09:46,565 log "GET /admin/ HTTP/1.1" 302 0
[INFO] 2026-07-01 21:10:13,585 autoreload D:\毕业设计\backend\config\settings.py changed, reloading.
[INFO] 2026-07-01 21:10:14,945 autoreload Watching for file changes with StatReloader
[INFO] 2026-07-01 21:10:22,915 log "GET /admin/login/?next=/admin/ HTTP/1.1" 200 4357
[INFO] 2026-07-01 21:20:48,873 log "GET /admin/ HTTP/1.1" 200 17929
[INFO] 2026-07-01 21:20:49,106 log "GET /admin/words/word/ HTTP/1.1" 200 77186
[INFO] 2026-07-01 21:20:49,141 log "GET /admin/jsi18n/ HTTP/1.1" 200 8869
[INFO] 2026-07-01 21:20:50,355 log "GET /admin/words/word/?o=-2.4 HTTP/1.1" 200 78940
[INFO] 2026-07-01 21:20:50,382 log "GET /admin/jsi18n/ HTTP/1.1" 200 8869
[INFO] 2026-07-01 21:20:51,662 log "GET /admin/ HTTP/1.1" 200 17929
[INFO] 2026-07-01 21:20:51,804 log "GET /admin/words/word/ HTTP/1.1" 200 77186
[INFO] 2026-07-01 21:20:51,822 log "GET /admin/jsi18n/ HTTP/1.1" 200 8869
[INFO] 2026-07-01 21:20:52,101 log "GET /admin/ HTTP/1.1" 200 17929
[INFO] 2026-07-01 21:20:52,231 log "GET /admin/words/word/ HTTP/1.1" 200 77186
[INFO] 2026-07-01 21:20:52,246 log "GET /admin/jsi18n/ HTTP/1.1" 200 8869
[INFO] 2026-07-01 21:20:52,768 log "GET /admin/ HTTP/1.1" 200 17929
[INFO] 2026-07-01 21:20:52,899 log "GET /admin/words/word/ HTTP/1.1" 200 77186
[INFO] 2026-07-01 21:20:52,933 log "GET /admin/jsi18n/ HTTP/1.1" 200 8869
[INFO] 2026-07-01 21:20:53,110 log "GET /admin/ HTTP/1.1" 200 17929
[INFO] 2026-07-01 21:20:53,248 log "GET /admin/words/word/ HTTP/1.1" 200 77186
[INFO] 2026-07-01 21:20:53,265 log "GET /admin/jsi18n/ HTTP/1.1" 200 8869
[INFO] 2026-07-01 21:20:53,818 log "GET /admin/ HTTP/1.1" 200 17929
[INFO] 2026-07-01 21:20:53,969 log "GET /admin/words/word/ HTTP/1.1" 200 77186
[INFO] 2026-07-01 21:20:54,034 log "GET /admin/jsi18n/ HTTP/1.1" 200 8869
[ERROR] 2026-07-01 21:20:57,381 log Internal Server Error: /admin/words/wordprogress/
Traceback (most recent call last):
  File "D:\毕业设计\backend\.venv\Lib\site-packages\django\core\handlers\exception.py", line 55, in inner
    response = get_response(request)
               ^^^^^^^^^^^^^^^^^^^^^
  File "D:\毕业设计\backend\.venv\Lib\site-packages\django\core\handlers\base.py", line 221, in _get_response
    response = response.render()
               ^^^^^^^^^^^^^^^^^
  File "D:\毕业设计\backend\.venv\Lib\site-packages\django\template\response.py", line 114, in render
    self.content = self.rendered_content
                   ^^^^^^^^^^^^^^^^^^^^^
  File "D:\毕业设计\backend\.venv\Lib\site-packages\django\template\response.py", line 92, in rendered_content
    return template.render(context, self._request)
           ^^^^^^^^^^^^^^^^^^^^^^^^^^^^^^^^^^^^^^^
  File "D:\毕业设计\backend\.venv\Lib\site-packages\django\template\backends\django.py", line 107, in render
    return self.template.render(context)
           ^^^^^^^^^^^^^^^^^^^^^^^^^^^^^
  File "D:\毕业设计\backend\.venv\Lib\site-packages\django\template\base.py", line 174, in render
    return self._render(context)
           ^^^^^^^^^^^^^^^^^^^^^
  File "D:\毕业设计\backend\.venv\Lib\site-packages\django\template\base.py", line 166, in _render
    return self.nodelist.render(context)
           ^^^^^^^^^^^^^^^^^^^^^^^^^^^^^
  File "D:\毕业设计\backend\.venv\Lib\site-packages\django\template\base.py", line 1091, in render
    return SafeString("".join([node.render_annotated(context) for node in self]))
                               ^^^^^^^^^^^^^^^^^^^^^^^^^^^^^^
  File "D:\毕业设计\backend\.venv\Lib\site-packages\django\template\base.py", line 1052, in render_annotated
    return self.render(context)
           ^^^^^^^^^^^^^^^^^^^^
  File "D:\毕业设计\backend\.venv\Lib\site-packages\django\template\loader_tags.py", line 160, in render
    return compiled_parent._render(context)
           ^^^^^^^^^^^^^^^^^^^^^^^^^^^^^^^^
  File "D:\毕业设计\backend\.venv\Lib\site-packages\django\template\base.py", line 166, in _render
    return self.nodelist.render(context)
           ^^^^^^^^^^^^^^^^^^^^^^^^^^^^^
  File "D:\毕业设计\backend\.venv\Lib\site-packages\django\template\base.py", line 1091, in render
    return SafeString("".join([node.render_annotated(context) for node in self]))
                               ^^^^^^^^^^^^^^^^^^^^^^^^^^^^^^
  File "D:\毕业设计\backend\.venv\Lib\site-packages\django\template\base.py", line 1052, in render_annotated
    return self.render(context)
           ^^^^^^^^^^^^^^^^^^^^
  File "D:\毕业设计\backend\.venv\Lib\site-packages\django\template\loader_tags.py", line 160, in render
    return compiled_parent._render(context)
           ^^^^^^^^^^^^^^^^^^^^^^^^^^^^^^^^
  File "D:\毕业设计\backend\.venv\Lib\site-packages\django\template\base.py", line 166, in _render
    return self.nodelist.render(context)
           ^^^^^^^^^^^^^^^^^^^^^^^^^^^^^
  File "D:\毕业设计\backend\.venv\Lib\site-packages\django\template\base.py", line 1091, in render
    return SafeString("".join([node.render_annotated(context) for node in self]))
                               ^^^^^^^^^^^^^^^^^^^^^^^^^^^^^^
  File "D:\毕业设计\backend\.venv\Lib\site-packages\django\template\base.py", line 1052, in render_annotated
    return self.render(context)
           ^^^^^^^^^^^^^^^^^^^^
  File "D:\毕业设计\backend\.venv\Lib\site-packages\django\template\loader_tags.py", line 160, in render
    return compiled_parent._render(context)
           ^^^^^^^^^^^^^^^^^^^^^^^^^^^^^^^^
  File "D:\毕业设计\backend\.venv\Lib\site-packages\django\template\base.py", line 166, in _render
    return self.nodelist.render(context)
           ^^^^^^^^^^^^^^^^^^^^^^^^^^^^^
  File "D:\毕业设计\backend\.venv\Lib\site-packages\django\template\base.py", line 1091, in render
    return SafeString("".join([node.render_annotated(context) for node in self]))
                               ^^^^^^^^^^^^^^^^^^^^^^^^^^^^^^
  File "D:\毕业设计\backend\.venv\Lib\site-packages\django\template\base.py", line 1052, in render_annotated
    return self.render(context)
           ^^^^^^^^^^^^^^^^^^^^
  File "D:\毕业设计\backend\.venv\Lib\site-packages\django\template\loader_tags.py", line 66, in render
    result = block.nodelist.render(context)
             ^^^^^^^^^^^^^^^^^^^^^^^^^^^^^^
  File "D:\毕业设计\backend\.venv\Lib\site-packages\django\template\base.py", line 1091, in render
    return SafeString("".join([node.render_annotated(context) for node in self]))
                               ^^^^^^^^^^^^^^^^^^^^^^^^^^^^^^
  File "D:\毕业设计\backend\.venv\Lib\site-packages\django\template\base.py", line 1052, in render_annotated
    return self.render(context)
           ^^^^^^^^^^^^^^^^^^^^
  File "D:\毕业设计\backend\.venv\Lib\site-packages\django\template\loader_tags.py", line 66, in render
    result = block.nodelist.render(context)
             ^^^^^^^^^^^^^^^^^^^^^^^^^^^^^^
  File "D:\毕业设计\backend\.venv\Lib\site-packages\django\template\base.py", line 1091, in render
    return SafeString("".join([node.render_annotated(context) for node in self]))
                               ^^^^^^^^^^^^^^^^^^^^^^^^^^^^^^
  File "D:\毕业设计\backend\.venv\Lib\site-packages\django\template\base.py", line 1052, in render_annotated
    return self.render(context)
           ^^^^^^^^^^^^^^^^^^^^
  File "D:\毕业设计\backend\.venv\Lib\site-packages\django\contrib\admin\templatetags\base.py", line 47, in render
    return super().render(context)
           ^^^^^^^^^^^^^^^^^^^^^^^
  File "D:\毕业设计\backend\.venv\Lib\site-packages\django\template\library.py", line 363, in render
    _dict = self.func(*resolved_args, **resolved_kwargs)
            ^^^^^^^^^^^^^^^^^^^^^^^^^^^^^^^^^^^^^^^^^^^^
  File "D:\毕业设计\backend\.venv\Lib\site-packages\django\contrib\admin\templatetags\admin_list.py", line 430, in date_hierarchy
    "choices": [
               ^
  File "D:\毕业设计\backend\.venv\Lib\site-packages\django\db\models\query.py", line 390, in __iter__
    self._fetch_all()
  File "D:\毕业设计\backend\.venv\Lib\site-packages\django\db\models\query.py", line 2000, in _fetch_all
    self._result_cache = list(self._iterable_class(self))
                         ^^^^^^^^^^^^^^^^^^^^^^^^^^^^^^^^
  File "D:\毕业设计\backend\.venv\Lib\site-packages\django\db\models\query.py", line 277, in __iter__
    for row in compiler.results_iter(
  File "D:\毕业设计\backend\.venv\Lib\site-packages\django\db\models\sql\compiler.py", line 1542, in apply_converters
    value = converter(value, expression, connection)
            ^^^^^^^^^^^^^^^^^^^^^^^^^^^^^^^^^^^^^^^^
  File "D:\毕业设计\backend\.venv\Lib\site-packages\django\db\models\functions\datetime.py", line 354, in convert_value
    raise ValueError(
ValueError: Database returned an invalid datetime value. Are time zone definitions for your database installed?
[ERROR] 2026-07-01 21:20:57,389 log "GET /admin/words/wordprogress/ HTTP/1.1" 500 413492
[INFO] 2026-07-01 21:21:00,286 log "GET /admin/words/word/?o=-2.4 HTTP/1.1" 200 78940
[INFO] 2026-07-01 21:21:00,319 log "GET /admin/jsi18n/ HTTP/1.1" 200 8869
[INFO] 2026-07-01 21:21:00,858 log "GET /admin/words/word/?o=2.4 HTTP/1.1" 200 78799
[INFO] 2026-07-01 21:21:00,886 log "GET /admin/jsi18n/ HTTP/1.1" 200 8869
[INFO] 2026-07-01 21:21:01,365 log "GET /admin/words/word/?o=-2.4 HTTP/1.1" 200 78940
[INFO] 2026-07-01 21:21:01,393 log "GET /admin/jsi18n/ HTTP/1.1" 200 8869
[INFO] 2026-07-01 21:21:01,809 log "GET /admin/words/word/?o=2.4 HTTP/1.1" 200 78799
[INFO] 2026-07-01 21:21:01,838 log "GET /admin/jsi18n/ HTTP/1.1" 200 8869
[INFO] 2026-07-01 21:21:02,455 log "GET /admin/words/word/?o=-2.4 HTTP/1.1" 200 78940
[INFO] 2026-07-01 21:21:02,488 log "GET /admin/jsi18n/ HTTP/1.1" 200 8869
[INFO] 2026-07-01 21:21:03,254 log "GET /admin/words/word/?o=2.4 HTTP/1.1" 200 78799
[INFO] 2026-07-01 21:21:03,280 log "GET /admin/jsi18n/ HTTP/1.1" 200 8869
[INFO] 2026-07-01 21:21:03,875 log "GET /admin/words/word/?o=-2.4 HTTP/1.1" 200 78940
[INFO] 2026-07-01 21:21:03,907 log "GET /admin/jsi18n/ HTTP/1.1" 200 8869
[INFO] 2026-07-01 21:21:04,394 log "GET /admin/words/word/?o=2.4 HTTP/1.1" 200 78799
[INFO] 2026-07-01 21:21:04,422 log "GET /admin/jsi18n/ HTTP/1.1" 200 8869
[INFO] 2026-07-01 21:21:04,896 log "GET /admin/words/word/?o=-2.4 HTTP/1.1" 200 78940
[INFO] 2026-07-01 21:21:04,928 log "GET /admin/jsi18n/ HTTP/1.1" 200 8869
[INFO] 2026-07-01 21:21:05,355 log "GET /admin/words/word/?o=2.4 HTTP/1.1" 200 78799
[INFO] 2026-07-01 21:21:05,382 log "GET /admin/jsi18n/ HTTP/1.1" 200 8869
[INFO] 2026-07-01 21:21:05,835 log "GET /admin/words/word/?o=-2.4 HTTP/1.1" 200 78940
[INFO] 2026-07-01 21:21:05,862 log "GET /admin/jsi18n/ HTTP/1.1" 200 8869
[INFO] 2026-07-01 21:21:07,091 log "GET /admin/words/word/?o=2.4 HTTP/1.1" 200 78799
[INFO] 2026-07-01 21:21:07,116 log "GET /admin/jsi18n/ HTTP/1.1" 200 8869
[INFO] 2026-07-01 21:21:08,198 log "GET /admin/ HTTP/1.1" 200 17929
[INFO] 2026-07-01 21:21:08,337 log "GET /admin/words/word/ HTTP/1.1" 200 77186
[INFO] 2026-07-01 21:21:08,353 log "GET /admin/jsi18n/ HTTP/1.1" 200 8869
[INFO] 2026-07-01 21:21:08,543 log "GET /admin/ HTTP/1.1" 200 17929
[INFO] 2026-07-01 21:21:08,716 log "GET /admin/words/word/ HTTP/1.1" 200 77186
[INFO] 2026-07-01 21:21:08,745 log "GET /admin/jsi18n/ HTTP/1.1" 200 8869
[INFO] 2026-07-01 21:21:08,924 log "GET /admin/ HTTP/1.1" 200 17929
[INFO] 2026-07-01 21:21:09,056 log "GET /admin/words/word/ HTTP/1.1" 200 77186
[INFO] 2026-07-01 21:21:09,079 log "GET /admin/jsi18n/ HTTP/1.1" 200 8869
[INFO] 2026-07-01 21:21:09,328 log "GET /admin/ HTTP/1.1" 200 17929
[INFO] 2026-07-01 21:21:09,462 log "GET /admin/words/word/ HTTP/1.1" 200 77186
[INFO] 2026-07-01 21:21:09,495 log "GET /admin/jsi18n/ HTTP/1.1" 200 8869
[INFO] 2026-07-01 21:21:09,710 log "GET /admin/ HTTP/1.1" 200 17929
[INFO] 2026-07-01 21:21:09,843 log "GET /admin/words/word/ HTTP/1.1" 200 77186
[INFO] 2026-07-01 21:21:09,859 log "GET /admin/jsi18n/ HTTP/1.1" 200 8869
[INFO] 2026-07-01 21:21:10,291 log "GET /admin/ HTTP/1.1" 200 17929
[INFO] 2026-07-01 21:21:10,419 log "GET /admin/words/word/ HTTP/1.1" 200 77186
[INFO] 2026-07-01 21:21:10,449 log "GET /admin/jsi18n/ HTTP/1.1" 200 8869
[INFO] 2026-07-01 21:21:10,900 log "GET /admin/ HTTP/1.1" 200 17929
[INFO] 2026-07-01 21:21:11,030 log "GET /admin/words/word/ HTTP/1.1" 200 77186
[INFO] 2026-07-01 21:21:11,052 log "GET /admin/jsi18n/ HTTP/1.1" 200 8869
[INFO] 2026-07-01 21:21:11,654 log "GET /admin/ HTTP/1.1" 200 17929
[INFO] 2026-07-01 21:21:11,788 log "GET /admin/words/word/ HTTP/1.1" 200 77186
[INFO] 2026-07-01 21:21:11,819 log "GET /admin/jsi18n/ HTTP/1.1" 200 8869
[INFO] 2026-07-01 21:21:13,098 log "GET /admin/ HTTP/1.1" 200 17929
[INFO] 2026-07-01 21:21:13,229 log "GET /admin/words/word/ HTTP/1.1" 200 77186
[INFO] 2026-07-01 21:21:13,245 log "GET /admin/jsi18n/ HTTP/1.1" 200 8869
[INFO] 2026-07-01 21:21:13,675 log "GET /admin/ HTTP/1.1" 200 17929
[INFO] 2026-07-01 21:21:13,798 log "GET /admin/words/word/ HTTP/1.1" 200 77186
[INFO] 2026-07-01 21:21:13,830 log "GET /admin/jsi18n/ HTTP/1.1" 200 8869
[INFO] 2026-07-01 21:21:17,186 log "GET /admin/ HTTP/1.1" 200 17929
[INFO] 2026-07-01 21:21:17,315 log "GET /admin/words/word/ HTTP/1.1" 200 77186
[INFO] 2026-07-01 21:21:17,334 log "GET /admin/jsi18n/ HTTP/1.1" 200 8869
[INFO] 2026-07-01 21:21:17,694 log "GET /admin/ HTTP/1.1" 200 17929
[INFO] 2026-07-01 21:21:17,837 log "GET /admin/words/word/ HTTP/1.1" 200 77186
[INFO] 2026-07-01 21:21:17,854 log "GET /admin/jsi18n/ HTTP/1.1" 200 8869
[INFO] 2026-07-01 21:21:18,235 log "GET /admin/ HTTP/1.1" 200 17929
[INFO] 2026-07-01 21:21:18,369 log "GET /admin/words/word/ HTTP/1.1" 200 77186
[INFO] 2026-07-01 21:21:18,397 log "GET /admin/jsi18n/ HTTP/1.1" 200 8869
[INFO] 2026-07-01 21:21:18,870 log "GET /admin/ HTTP/1.1" 200 17929
[INFO] 2026-07-01 21:21:18,995 log "GET /admin/words/word/ HTTP/1.1" 200 77186
[INFO] 2026-07-01 21:21:19,010 log "GET /admin/jsi18n/ HTTP/1.1" 200 8869
[INFO] 2026-07-01 21:21:19,958 log "GET /admin/words/word/add/ HTTP/1.1" 200 13905
[INFO] 2026-07-01 21:21:19,989 log "GET /admin/jsi18n/ HTTP/1.1" 200 8869
[INFO] 2026-07-01 21:21:20,151 log "GET /static/admin/js/prepopulate_init.js HTTP/1.1" 200 586
[INFO] 2026-07-01 21:21:20,207 log "GET /static/admin/css/widgets.css HTTP/1.1" 200 11811
[INFO] 2026-07-01 21:21:24,567 log "GET /admin/words/word/ HTTP/1.1" 200 77186
[INFO] 2026-07-01 21:21:24,593 log "GET /admin/jsi18n/ HTTP/1.1" 200 8869
[INFO] 2026-07-01 21:21:29,297 log "GET /admin/words/word/1/change/ HTTP/1.1" 200 14778
[INFO] 2026-07-01 21:21:29,325 log "GET /admin/jsi18n/ HTTP/1.1" 200 8869
[INFO] 2026-07-01 21:21:31,992 log "GET /admin/words/word/ HTTP/1.1" 200 77186
[INFO] 2026-07-01 21:21:32,015 log "GET /admin/jsi18n/ HTTP/1.1" 200 8869
[INFO] 2026-07-01 21:21:34,286 log "GET /admin/ HTTP/1.1" 200 17929
[INFO] 2026-07-01 21:21:34,424 log "GET /admin/words/word/ HTTP/1.1" 200 77186
[INFO] 2026-07-01 21:21:34,459 log "GET /admin/jsi18n/ HTTP/1.1" 200 8869
[INFO] 2026-07-01 21:21:34,626 log "GET /admin/ HTTP/1.1" 200 17929
[INFO] 2026-07-01 21:21:34,757 log "GET /admin/words/word/ HTTP/1.1" 200 77186
[INFO] 2026-07-01 21:21:34,775 log "GET /admin/jsi18n/ HTTP/1.1" 200 8869
[INFO] 2026-07-01 21:21:35,065 log "GET /admin/ HTTP/1.1" 200 17929
[INFO] 2026-07-01 21:21:35,235 log "GET /admin/words/word/ HTTP/1.1" 200 77186
[INFO] 2026-07-01 21:21:35,263 log "GET /admin/jsi18n/ HTTP/1.1" 200 8869
[INFO] 2026-07-01 21:21:45,364 log "GET /admin HTTP/1.1" 301 0
[INFO] 2026-07-01 21:21:45,381 log "GET /admin/ HTTP/1.1" 200 17929
[INFO] 2026-07-01 21:21:47,461 log "GET /admin/words/word/ HTTP/1.1" 200 77186
[INFO] 2026-07-01 21:21:47,493 log "GET /admin/jsi18n/ HTTP/1.1" 200 8869
[INFO] 2026-07-01 21:21:48,513 log "GET /admin/words/word/?o=-2.4 HTTP/1.1" 200 78940
[INFO] 2026-07-01 21:21:48,543 log "GET /admin/jsi18n/ HTTP/1.1" 200 8869
[INFO] 2026-07-01 21:21:49,662 log "GET /admin/ HTTP/1.1" 200 17929
[INFO] 2026-07-01 21:21:49,810 log "GET /admin/words/word/ HTTP/1.1" 200 77186
[INFO] 2026-07-01 21:21:49,845 log "GET /admin/jsi18n/ HTTP/1.1" 200 8869
[INFO] 2026-07-01 21:22:25,071 log "GET /admin/ HTTP/1.1" 200 17929
[ERROR] 2026-07-01 21:22:27,393 log Internal Server Error: /admin/words/wordprogress/
Traceback (most recent call last):
  File "D:\毕业设计\backend\.venv\Lib\site-packages\django\core\handlers\exception.py", line 55, in inner
    response = get_response(request)
               ^^^^^^^^^^^^^^^^^^^^^
  File "D:\毕业设计\backend\.venv\Lib\site-packages\django\core\handlers\base.py", line 221, in _get_response
    response = response.render()
               ^^^^^^^^^^^^^^^^^
  File "D:\毕业设计\backend\.venv\Lib\site-packages\django\template\response.py", line 114, in render
    self.content = self.rendered_content
                   ^^^^^^^^^^^^^^^^^^^^^
  File "D:\毕业设计\backend\.venv\Lib\site-packages\django\template\response.py", line 92, in rendered_content
    return template.render(context, self._request)
           ^^^^^^^^^^^^^^^^^^^^^^^^^^^^^^^^^^^^^^^
  File "D:\毕业设计\backend\.venv\Lib\site-packages\django\template\backends\django.py", line 107, in render
    return self.template.render(context)
           ^^^^^^^^^^^^^^^^^^^^^^^^^^^^^
  File "D:\毕业设计\backend\.venv\Lib\site-packages\django\template\base.py", line 174, in render
    return self._render(context)
           ^^^^^^^^^^^^^^^^^^^^^
  File "D:\毕业设计\backend\.venv\Lib\site-packages\django\template\base.py", line 166, in _render
    return self.nodelist.render(context)
           ^^^^^^^^^^^^^^^^^^^^^^^^^^^^^
  File "D:\毕业设计\backend\.venv\Lib\site-packages\django\template\base.py", line 1091, in render
    return SafeString("".join([node.render_annotated(context) for node in self]))
                               ^^^^^^^^^^^^^^^^^^^^^^^^^^^^^^
  File "D:\毕业设计\backend\.venv\Lib\site-packages\django\template\base.py", line 1052, in render_annotated
    return self.render(context)
           ^^^^^^^^^^^^^^^^^^^^
  File "D:\毕业设计\backend\.venv\Lib\site-packages\django\template\loader_tags.py", line 160, in render
    return compiled_parent._render(context)
           ^^^^^^^^^^^^^^^^^^^^^^^^^^^^^^^^
  File "D:\毕业设计\backend\.venv\Lib\site-packages\django\template\base.py", line 166, in _render
    return self.nodelist.render(context)
           ^^^^^^^^^^^^^^^^^^^^^^^^^^^^^
  File "D:\毕业设计\backend\.venv\Lib\site-packages\django\template\base.py", line 1091, in render
    return SafeString("".join([node.render_annotated(context) for node in self]))
                               ^^^^^^^^^^^^^^^^^^^^^^^^^^^^^^
  File "D:\毕业设计\backend\.venv\Lib\site-packages\django\template\base.py", line 1052, in render_annotated
    return self.render(context)
           ^^^^^^^^^^^^^^^^^^^^
  File "D:\毕业设计\backend\.venv\Lib\site-packages\django\template\loader_tags.py", line 160, in render
    return compiled_parent._render(context)
           ^^^^^^^^^^^^^^^^^^^^^^^^^^^^^^^^
  File "D:\毕业设计\backend\.venv\Lib\site-packages\django\template\base.py", line 166, in _render
    return self.nodelist.render(context)
           ^^^^^^^^^^^^^^^^^^^^^^^^^^^^^
  File "D:\毕业设计\backend\.venv\Lib\site-packages\django\template\base.py", line 1091, in render
    return SafeString("".join([node.render_annotated(context) for node in self]))
                               ^^^^^^^^^^^^^^^^^^^^^^^^^^^^^^
  File "D:\毕业设计\backend\.venv\Lib\site-packages\django\template\base.py", line 1052, in render_annotated
    return self.render(context)
           ^^^^^^^^^^^^^^^^^^^^
  File "D:\毕业设计\backend\.venv\Lib\site-packages\django\template\loader_tags.py", line 160, in render
    return compiled_parent._render(context)
           ^^^^^^^^^^^^^^^^^^^^^^^^^^^^^^^^
  File "D:\毕业设计\backend\.venv\Lib\site-packages\django\template\base.py", line 166, in _render
    return self.nodelist.render(context)
           ^^^^^^^^^^^^^^^^^^^^^^^^^^^^^
  File "D:\毕业设计\backend\.venv\Lib\site-packages\django\template\base.py", line 1091, in render
    return SafeString("".join([node.render_annotated(context) for node in self]))
                               ^^^^^^^^^^^^^^^^^^^^^^^^^^^^^^
  File "D:\毕业设计\backend\.venv\Lib\site-packages\django\template\base.py", line 1052, in render_annotated
    return self.render(context)
           ^^^^^^^^^^^^^^^^^^^^
  File "D:\毕业设计\backend\.venv\Lib\site-packages\django\template\loader_tags.py", line 66, in render
    result = block.nodelist.render(context)
             ^^^^^^^^^^^^^^^^^^^^^^^^^^^^^^
  File "D:\毕业设计\backend\.venv\Lib\site-packages\django\template\base.py", line 1091, in render
    return SafeString("".join([node.render_annotated(context) for node in self]))
                               ^^^^^^^^^^^^^^^^^^^^^^^^^^^^^^
  File "D:\毕业设计\backend\.venv\Lib\site-packages\django\template\base.py", line 1052, in render_annotated
    return self.render(context)
           ^^^^^^^^^^^^^^^^^^^^
  File "D:\毕业设计\backend\.venv\Lib\site-packages\django\template\loader_tags.py", line 66, in render
    result = block.nodelist.render(context)
             ^^^^^^^^^^^^^^^^^^^^^^^^^^^^^^
  File "D:\毕业设计\backend\.venv\Lib\site-packages\django\template\base.py", line 1091, in render
    return SafeString("".join([node.render_annotated(context) for node in self]))
                               ^^^^^^^^^^^^^^^^^^^^^^^^^^^^^^
  File "D:\毕业设计\backend\.venv\Lib\site-packages\django\template\base.py", line 1052, in render_annotated
    return self.render(context)
           ^^^^^^^^^^^^^^^^^^^^
  File "D:\毕业设计\backend\.venv\Lib\site-packages\django\contrib\admin\templatetags\base.py", line 47, in render
    return super().render(context)
           ^^^^^^^^^^^^^^^^^^^^^^^
  File "D:\毕业设计\backend\.venv\Lib\site-packages\django\template\library.py", line 363, in render
    _dict = self.func(*resolved_args, **resolved_kwargs)
            ^^^^^^^^^^^^^^^^^^^^^^^^^^^^^^^^^^^^^^^^^^^^
  File "D:\毕业设计\backend\.venv\Lib\site-packages\django\contrib\admin\templatetags\admin_list.py", line 430, in date_hierarchy
    "choices": [
               ^
  File "D:\毕业设计\backend\.venv\Lib\site-packages\django\db\models\query.py", line 390, in __iter__
    self._fetch_all()
  File "D:\毕业设计\backend\.venv\Lib\site-packages\django\db\models\query.py", line 2000, in _fetch_all
    self._result_cache = list(self._iterable_class(self))
                         ^^^^^^^^^^^^^^^^^^^^^^^^^^^^^^^^
  File "D:\毕业设计\backend\.venv\Lib\site-packages\django\db\models\query.py", line 277, in __iter__
    for row in compiler.results_iter(
  File "D:\毕业设计\backend\.venv\Lib\site-packages\django\db\models\sql\compiler.py", line 1542, in apply_converters
    value = converter(value, expression, connection)
            ^^^^^^^^^^^^^^^^^^^^^^^^^^^^^^^^^^^^^^^^
  File "D:\毕业设计\backend\.venv\Lib\site-packages\django\db\models\functions\datetime.py", line 354, in convert_value
    raise ValueError(
ValueError: Database returned an invalid datetime value. Are time zone definitions for your database installed?
[ERROR] 2026-07-01 21:22:27,398 log "GET /admin/words/wordprogress/ HTTP/1.1" 500 413492
[INFO] 2026-07-01 21:22:28,461 log "GET /admin/words/word/ HTTP/1.1" 200 77186
[INFO] 2026-07-01 21:22:28,512 log "GET /admin/jsi18n/ HTTP/1.1" 200 8869
[INFO] 2026-07-01 21:22:29,500 log "GET /admin/words/word/?o=-2.4 HTTP/1.1" 200 78940
[INFO] 2026-07-01 21:22:29,539 log "GET /admin/jsi18n/ HTTP/1.1" 200 8869
[INFO] 2026-07-01 21:22:38,966 log "GET /admin/ HTTP/1.1" 200 17929
[INFO] 2026-07-01 21:22:41,149 log "GET /admin/words/word/ HTTP/1.1" 200 77186
[INFO] 2026-07-01 21:22:41,180 log "GET /admin/jsi18n/ HTTP/1.1" 200 8869
[INFO] 2026-07-01 21:27:21,936 autoreload D:\毕业设计\backend\apps\words\admin.py changed, reloading.
[INFO] 2026-07-01 21:27:23,083 autoreload Watching for file changes with StatReloader
[INFO] 2026-07-01 21:28:03,584 autoreload Watching for file changes with StatReloader
[INFO] 2026-07-01 21:28:09,114 log "GET /admin/ HTTP/1.1" 302 0
[INFO] 2026-07-01 22:22:18,135 log "GET /admin/ HTTP/1.1" 200 17775
[INFO] 2026-07-01 22:22:18,196 log "GET /static/admin/simpleui-x/elementui/theme-chalk/index.css HTTP/1.1" 304 0
[INFO] 2026-07-01 22:22:18,198 log "GET /static/admin/simpleui-x/fontawesome-free-6.2.0-web/css/all.min.css HTTP/1.1" 304 0
[INFO] 2026-07-01 22:22:18,199 log "GET /static/admin/simpleui-x/waves/waves.min.css?_=2.1 HTTP/1.1" 304 0
[INFO] 2026-07-01 22:22:18,200 log "GET /static/admin/simpleui-x/css/index.css?_=3.2 HTTP/1.1" 304 0
[INFO] 2026-07-01 22:22:18,200 log "GET /static/admin/simpleui-x/img/logo.png HTTP/1.1" 304 0
[INFO] 2026-07-01 22:22:18,201 log "GET /static/admin/simpleui-x/js/vue.min.js?_=2026.01.13 HTTP/1.1" 304 0
[INFO] 2026-07-01 22:22:18,240 log "GET /static/admin/simpleui-x/elementui/index.js?_=2026.01.13 HTTP/1.1" 304 0
[INFO] 2026-07-01 22:22:18,250 log "GET /static/admin/simpleui-x/elementui/umd/locale/en.js?_=2026.01.13 HTTP/1.1" 304 0
[INFO] 2026-07-01 22:22:18,250 log "GET /static/admin/simpleui-x/automatic/dicts.js?_=2026.01.13 HTTP/1.1" 304 0
[INFO] 2026-07-01 22:22:18,250 log "GET /static/admin/simpleui-x/automatic/segment.js?_=2026.01.13 HTTP/1.1" 304 0
[INFO] 2026-07-01 22:22:18,250 log "GET /static/admin/simpleui-x/locale/en-us.js?_=2026.01.13 HTTP/1.1" 304 0
[INFO] 2026-07-01 22:22:18,253 log "GET /static/admin/simpleui-x/locale/zh-hans.js?_=2026.01.13 HTTP/1.1" 304 0
[INFO] 2026-07-01 22:22:18,295 log "GET /static/admin/simpleui-x/js/cookie.js?_=2026.01.13 HTTP/1.1" 304 0
[INFO] 2026-07-01 22:22:18,296 log "GET /static/admin/simpleui-x/waves/waves.min.js?_=2026.01.13 HTTP/1.1" 304 0
[INFO] 2026-07-01 22:22:18,296 log "GET /static/admin/simpleui-x/theme/theme.js?_=2026.01.13 HTTP/1.1" 304 0
[INFO] 2026-07-01 22:22:18,298 log "GET /static/admin/simpleui-x/js/menu.js?_=2026.01.13 HTTP/1.1" 304 0
[INFO] 2026-07-01 22:22:18,299 log "GET /static/admin/simpleui-x/js/index.js?_=2026.01.13 HTTP/1.1" 304 0
[INFO] 2026-07-01 22:22:18,428 log "GET /static/admin/simpleui-x/fontawesome-free-6.2.0-web/webfonts/fa-solid-900.woff2 HTTP/1.1" 304 0
[INFO] 2026-07-01 22:22:18,429 log "GET /static/admin/simpleui-x/elementui/theme-chalk/fonts/element-icons.woff HTTP/1.1" 304 0
[INFO] 2026-07-01 22:22:18,429 log "GET /static/admin/simpleui-x/fontawesome-free-6.2.0-web/webfonts/fa-regular-400.woff2 HTTP/1.1" 304 0
[INFO] 2026-07-01 22:22:18,496 log "GET /admin/words/word/ HTTP/1.1" 200 75673
[INFO] 2026-07-01 22:22:18,541 log "GET /static/admin/simpleui-x/css/base.css?_=2.7 HTTP/1.1" 304 0
[INFO] 2026-07-01 22:22:18,542 log "GET /static/admin/simpleui-x/js/language.js?_=2.1.2 HTTP/1.1" 304 0
[INFO] 2026-07-01 22:22:18,542 log "GET /static/admin/simpleui-x/theme/simpleui.css HTTP/1.1" 304 0
[INFO] 2026-07-01 22:22:18,542 log "GET /static/admin/css/base.css?_=2.7 HTTP/1.1" 304 0
[INFO] 2026-07-01 22:22:18,542 log "GET /static/admin/simpleui-x/locale/zh-hans.js HTTP/1.1" 304 0
[INFO] 2026-07-01 22:22:18,543 log "GET /static/admin/simpleui-x/locale/en-us.js?_=2.1.2 HTTP/1.1" 304 0
[INFO] 2026-07-01 22:22:18,546 log "GET /static/admin/css/changelists.css?_=20180905 HTTP/1.1" 304 0
[INFO] 2026-07-01 22:22:18,548 log "GET /static/admin/css/responsive.css?_=20180905 HTTP/1.1" 304 0
[INFO] 2026-07-01 22:22:18,548 log "GET /static/admin/simpleui-x/js/cookie.js HTTP/1.1" 304 0
[INFO] 2026-07-01 22:22:18,550 log "GET /static/admin/js/vendor/jquery/jquery.min.js HTTP/1.1" 304 0
[INFO] 2026-07-01 22:22:18,551 log "GET /static/admin/simpleui-x/automatic/dicts.js HTTP/1.1" 304 0
[INFO] 2026-07-01 22:22:18,554 log "GET /static/admin/simpleui-x/automatic/segment.js HTTP/1.1" 304 0
[INFO] 2026-07-01 22:22:18,554 log "GET /static/admin/simpleui-x/js/axios.min.js HTTP/1.1" 304 0
[INFO] 2026-07-01 22:22:18,558 log "GET /admin/jsi18n/ HTTP/1.1" 200 8869
[INFO] 2026-07-03 12:56:04,812 log "GET /admin/ HTTP/1.1" 302 0
[INFO] 2026-08-27 10:36:09,786 autoreload Watching for file changes with StatReloader
[WARNING] 2026-08-27 10:36:57,636 log Unauthorized: /api/users/profile/
[WARNING] 2026-08-27 10:36:57,636 log Unauthorized: /api/words/daily_words/
[WARNING] 2026-08-27 10:36:57,636 log Unauthorized: /api/checkin/today_status/
[WARNING] 2026-08-27 10:36:57,637 log "GET /api/users/profile/ HTTP/1.1" 401 53
[WARNING] 2026-08-27 10:36:57,639 log "GET /api/words/daily_words/?count=5 HTTP/1.1" 401 53
[WARNING] 2026-08-27 10:36:57,639 log "GET /api/checkin/today_status/ HTTP/1.1" 401 53
[WARNING] 2026-08-27 10:36:57,649 log Unauthorized: /api/users/profile/
[WARNING] 2026-08-27 10:36:57,650 log Unauthorized: /api/words/daily_words/
[WARNING] 2026-08-27 10:36:57,651 log Unauthorized: /api/checkin/today_status/
[WARNING] 2026-08-27 10:36:57,653 log "GET /api/users/profile/ HTTP/1.1" 401 53
[WARNING] 2026-08-27 10:36:57,654 log "GET /api/words/daily_words/?count=5 HTTP/1.1" 401 53
[WARNING] 2026-08-27 10:36:57,654 log "GET /api/checkin/today_status/ HTTP/1.1" 401 53
[WARNING] 2026-08-27 10:37:04,701 views 微信登录失败: {'errcode': 40013, 'errmsg': 'invalid appid, rid: 6a8fa2d2-396de23d-4a4d2907'}
[INFO] 2026-08-27 10:37:04,772 log "POST /api/auth/wechat-login/ HTTP/1.1" 200 987
[INFO] 2026-08-27 10:37:06,194 log "GET /api/users/profile/ HTTP/1.1" 200 350
[INFO] 2026-08-27 10:37:06,203 log "GET /api/checkin/today_status/ HTTP/1.1" 200 80
[INFO] 2026-08-27 10:37:06,206 log "GET /api/users/profile/ HTTP/1.1" 200 350
[INFO] 2026-08-27 10:37:06,210 log "GET /api/checkin/today_status/ HTTP/1.1" 200 80
[INFO] 2026-08-27 10:37:06,234 log "GET /api/words/daily_words/?count=5 HTTP/1.1" 200 1711
[INFO] 2026-08-27 10:37:06,252 log "GET /api/words/daily_words/?count=5 HTTP/1.1" 200 1751
[INFO] 2026-08-27 10:53:44,753 log "GET /api/words/70/ HTTP/1.1" 200 396
[INFO] 2026-08-27 10:53:47,252 log "POST /api/words/mark_learned/ HTTP/1.1" 200 342
[INFO] 2026-08-27 10:53:48,802 log "GET /api/users/profile/ HTTP/1.1" 200 350
[INFO] 2026-08-27 10:53:48,803 log "GET /api/checkin/today_status/ HTTP/1.1" 200 80
[INFO] 2026-08-27 10:53:48,813 log "GET /api/words/daily_words/?count=5 HTTP/1.1" 200 1672
[INFO] 2026-08-27 10:53:50,671 log "GET /api/leaderboard/daily/ HTTP/1.1" 200 577
[INFO] 2026-08-27 10:53:53,088 log "GET /api/leaderboard/weekly/ HTTP/1.1" 200 578
[INFO] 2026-08-27 10:53:54,168 log "GET /api/leaderboard/monthly/ HTTP/1.1" 200 579
[INFO] 2026-08-27 10:53:54,503 log "GET /api/leaderboard/alltime/ HTTP/1.1" 200 1437
[INFO] 2026-08-27 14:36:56,229 autoreload Watching for file changes with StatReloader
[WARNING] 2026-08-27 14:37:11,300 log Unauthorized: /api/users/profile/
[WARNING] 2026-08-27 14:37:11,300 log Unauthorized: /api/words/daily_words/
[WARNING] 2026-08-27 14:37:11,301 log Unauthorized: /api/checkin/today_status/
[WARNING] 2026-08-27 14:37:11,301 log "GET /api/users/profile/ HTTP/1.1" 401 53
[WARNING] 2026-08-27 14:37:11,302 log "GET /api/words/daily_words/?count=5 HTTP/1.1" 401 53
[WARNING] 2026-08-27 14:37:11,303 log "GET /api/checkin/today_status/ HTTP/1.1" 401 53
[WARNING] 2026-08-27 14:37:11,426 log Unauthorized: /api/users/profile/
[WARNING] 2026-08-27 14:37:11,428 log Unauthorized: /api/words/daily_words/
[WARNING] 2026-08-27 14:37:11,428 log Unauthorized: /api/checkin/today_status/
[WARNING] 2026-08-27 14:37:11,429 log "GET /api/users/profile/ HTTP/1.1" 401 53
[WARNING] 2026-08-27 14:37:11,430 log "GET /api/words/daily_words/?count=5 HTTP/1.1" 401 53
[WARNING] 2026-08-27 14:37:11,430 log "GET /api/checkin/today_status/ HTTP/1.1" 401 53
[WARNING] 2026-08-27 14:37:15,488 views 微信登录失败: {'errcode': 40013, 'errmsg': 'invalid appid, rid: 6a8fdb1d-30ccc7be-260db523'}
[INFO] 2026-08-27 14:37:15,607 log "POST /api/auth/wechat-login/ HTTP/1.1" 200 987
[INFO] 2026-08-27 14:37:17,051 log "GET /api/users/profile/ HTTP/1.1" 200 350
[INFO] 2026-08-27 14:37:17,052 log "GET /api/checkin/today_status/ HTTP/1.1" 200 80
[INFO] 2026-08-27 14:37:17,061 log "GET /api/users/profile/ HTTP/1.1" 200 350
[INFO] 2026-08-27 14:37:17,062 log "GET /api/checkin/today_status/ HTTP/1.1" 200 80
[INFO] 2026-08-27 14:37:17,092 log "GET /api/words/daily_words/?count=5 HTTP/1.1" 200 1671
[INFO] 2026-08-27 14:37:17,108 log "GET /api/words/daily_words/?count=5 HTTP/1.1" 200 1628
[INFO] 2026-08-27 14:37:23,026 log "GET /api/words/1/ HTTP/1.1" 200 341
[INFO] 2026-08-27 14:37:24,398 log "POST /api/words/mark_learned/ HTTP/1.1" 200 318
[INFO] 2026-08-27 14:37:27,974 log "POST /api/words/mark_learned/ HTTP/1.1" 200 304
[INFO] 2026-08-27 14:37:29,524 log "POST /api/words/unmark_learned/ HTTP/1.1" 200 92
[INFO] 2026-08-27 14:37:34,651 log "GET /api/users/profile/ HTTP/1.1" 200 350
[INFO] 2026-08-27 14:37:34,663 log "GET /api/words/daily_words/?count=5 HTTP/1.1" 200 1696
[INFO] 2026-08-27 14:37:34,684 log "GET /api/checkin/today_status/ HTTP/1.1" 200 80
[INFO] 2026-08-27 14:37:36,045 log "GET /api/checkin/streak/ HTTP/1.1" 200 120
[INFO] 2026-08-27 14:37:36,046 log "GET /api/checkin/today_status/ HTTP/1.1" 200 80
[INFO] 2026-08-27 14:37:36,052 log "GET /api/checkin/calendar/?year=2026&month=8 HTTP/1.1" 200 92
[INFO] 2026-08-27 14:37:39,015 log "POST /api/checkin/do_checkin/ HTTP/1.1" 200 350
[INFO] 2026-08-27 14:37:39,054 log "GET /api/checkin/calendar/?year=2026&month=8 HTTP/1.1" 200 104
[INFO] 2026-08-27 14:37:43,923 log "GET /api/checkin/calendar/?year=2026&month=7 HTTP/1.1" 200 92
[INFO] 2026-08-27 14:37:44,306 log "GET /api/checkin/calendar/?year=2026&month=6 HTTP/1.1" 200 92
[INFO] 2026-08-27 14:37:44,466 log "GET /api/checkin/calendar/?year=2026&month=5 HTTP/1.1" 200 92
[INFO] 2026-08-27 14:37:44,587 log "GET /api/checkin/calendar/?year=2026&month=4 HTTP/1.1" 200 92
[INFO] 2026-08-27 14:37:44,722 log "GET /api/checkin/calendar/?year=2026&month=3 HTTP/1.1" 200 92
[INFO] 2026-08-27 14:37:46,011 log "GET /api/leaderboard/daily/ HTTP/1.1" 200 332
[INFO] 2026-08-27 14:37:46,828 log "GET /api/leaderboard/monthly/ HTTP/1.1" 200 334
[INFO] 2026-08-27 14:37:48,025 log "GET /api/leaderboard/alltime/ HTTP/1.1" 200 1192
[INFO] 2026-08-27 14:37:49,939 log "GET /api/users/profile/ HTTP/1.1" 200 350
[INFO] 2026-08-27 14:37:55,432 log "GET /api/checkin/records/ HTTP/1.1" 200 251
[INFO] 2026-08-27 14:37:55,432 log "GET /api/users/stats/ HTTP/1.1" 200 153
[INFO] 2026-08-27 14:37:57,419 log "GET /api/users/profile/ HTTP/1.1" 200 350
[INFO] 2026-08-27 14:37:58,483 log "GET /api/words/categories/ HTTP/1.1" 200 57
[INFO] 2026-08-27 14:37:58,528 log "GET /api/words/?page=1&page_size=20 HTTP/1.1" 200 6512
[INFO] 2026-08-27 14:38:02,292 log "GET /api/words/1/ HTTP/1.1" 200 341
[INFO] 2026-08-27 14:38:03,646 log "POST /api/words/mark_learned/ HTTP/1.1" 200 311
[INFO] 2026-08-27 14:38:04,623 log "GET /api/words/?page=1&page_size=20 HTTP/1.1" 200 6511
[INFO] 2026-08-27 14:38:06,885 log "GET /api/users/profile/ HTTP/1.1" 200 350
[INFO] 2026-08-27 14:38:08,331 log "GET /api/words/categories/ HTTP/1.1" 200 57
[INFO] 2026-08-27 14:38:08,386 log "GET /api/words/?page=1&page_size=20 HTTP/1.1" 200 6511
[INFO] 2026-08-27 14:38:10,429 log "GET /api/words/?page=1&page_size=20&category=CET-4 HTTP/1.1" 200 6525
[INFO] 2026-08-27 14:38:11,149 log "GET /api/words/?page=1&page_size=20&category=CET-6 HTTP/1.1" 200 6820
[INFO] 2026-08-27 14:38:11,662 log "GET /api/words/?page=1&page_size=20&category=CET-4 HTTP/1.1" 200 6525
[INFO] 2026-08-27 14:38:12,424 log "GET /api/words/?page=1&page_size=20&category=CET-6 HTTP/1.1" 200 6820
[INFO] 2026-08-27 14:38:13,271 log "GET /api/users/profile/ HTTP/1.1" 200 350
[INFO] 2026-08-27 14:38:14,454 log "GET /api/words/my_progress/ HTTP/1.1" 200 397
[INFO] 2026-08-27 14:38:18,283 log "GET /api/users/profile/ HTTP/1.1" 200 350
[INFO] 2026-08-27 14:38:19,369 log "GET /api/users/login_logs/ HTTP/1.1" 200 477
[INFO] 2026-08-27 14:38:33,613 log "GET /api/checkin/today_status/ HTTP/1.1" 200 284
[INFO] 2026-08-27 14:38:33,614 log "GET /api/checkin/streak/ HTTP/1.1" 200 119
[INFO] 2026-08-27 14:38:33,614 log "GET /api/checkin/calendar/?year=2026&month=3 HTTP/1.1" 200 92
[INFO] 2026-08-27 14:38:33,895 log "GET /api/users/profile/ HTTP/1.1" 200 350
[INFO] 2026-08-27 14:38:33,903 log "GET /api/words/daily_words/?count=5 HTTP/1.1" 200 1680
[INFO] 2026-08-27 14:38:33,929 log "GET /api/checkin/today_status/ HTTP/1.1" 200 284
